Fecha;CAPITAL;;CUPRUM;;HABITAT;;MODELO;;PLANVITAL;;PROVIDA;;UNO
;Valor Cuota;Valor Patrimonio;Valor Cuota;Valor Patrimonio;Valor Cuota;Valor Patrimonio;Valor Cuota;Valor Patrimonio;Valor Cuota;Valor Patrimonio;Valor Cuota;Valor Patrimonio;Valor Cuota;Valor Patrimonio
2021-01-01;51.175,85;3581496519026;53.303,50;4663530110614;54.549,80;5714127517557;52.716,06;1109104687899;49.597,28;465560638651;53.997,96;3580669498330;55.032,61;37822510937
2021-01-02;51.175,85;3581496519026;53.303,50;4663530110614;54.549,80;5714127517557;52.716,06;1109104687899;49.597,28;465560638651;53.997,96;3580669498330;55.032,61;37822510937
2021-01-03;51.175,85;3581496519026;53.303,50;4663530110614;54.549,80;5714127517557;52.716,06;1109104687899;49.597,28;465560638651;53.997,96;3580669498330;55.032,61;37822510937
2021-01-04;51.372,56;3619931179790;53.511,02;4689536004280;54.739,13;5737856091832;52.915,86;1110466568677;49.792,76;467828157525;54.206,27;3575194631693;55.204,70;38267059389
2021-01-05;51.230,74;3617535996678;53.367,13;4682118825693;54.572,20;5731788826536;52.724,63;1108869942136;49.650,69;466653108824;54.024,05;3563888769593;55.017,39;38279126399
2021-01-06;51.532,37;3639071764329;53.650,46;4706018421191;54.882,75;5751239445813;53.009,34;1111561061251;49.914,35;468512660033;54.301,74;3567475001375;55.347,26;38520832154
2021-01-07;51.557,89;3628352287450;53.692,24;4705228086298;54.897,77;5752077867627;53.026,70;1111080038299;49.925,34;468127904507;54.279,83;3566466463035;55.401,17;38525825432
2021-01-08;52.743,07;3709658986807;54.877,66;4806804004258;56.099,16;5864013293243;54.242,12;1133692465359;51.053,38;477365517636;55.499,13;3645683331091;56.601,80;39279598826
2021-01-09;52.743,07;3709658986807;54.877,66;4806804004258;56.099,16;5864013293243;54.242,12;1133692465359;51.053,38;477365517636;55.499,13;3645683331091;56.601,80;39279598826
2021-01-10;52.743,07;3709658986807;54.877,66;4806804004258;56.099,16;5864013293243;54.242,12;1133692465359;51.053,38;477365517636;55.499,13;3645683331091;56.601,80;39279598826
2021-01-11;53.313,77;3756243233345;55.495,97;4868302511242;56.726,89;5929464969445;54.857,95;1143754751143;51.626,52;482484192729;56.114,42;3696437334524;57.244,39;39583001373
2021-01-12;53.438,54;3950512872073;55.603,77;5100762562621;56.853,04;6242199725192;54.997,24;1204679302632;51.741,51;508020670570;56.235,48;3855786627752;57.400,39;41672381549
2021-01-13;54.195,49;4200987764801;56.259,97;5359137366819;57.603,73;6621330494537;55.733,34;1279951713470;52.351,98;528608926740;56.961,94;3970937361969;58.198,76;44368718159
2021-01-14;54.989,16;4339104295253;57.092,03;5474896530138;58.440,05;6881215633015;56.506,81;1361200951937;53.154,83;540976936569;57.828,83;4057112553091;59.089,48;47039069876
2021-01-15;54.844,74;4354898518737;56.947,15;5489299100940;58.300,73;6901734869120;56.355,37;1371253799170;53.016,38;545879042479;57.667,92;4054792220035;58.973,90;48844631705
2021-01-16;54.844,74;4354898518737;56.947,15;5489299100940;58.300,73;6901734869120;56.355,37;1371253799170;53.016,38;545879042479;57.667,92;4054792220035;58.973,90;48844631705
2021-01-17;54.844,74;4354898518737;56.947,15;5489299100940;58.300,73;6901734869120;56.355,37;1371253799170;53.016,38;545879042479;57.667,92;4054792220035;58.973,90;48844631705
2021-01-18;54.449,29;4329856088134;56.541,22;5448385615793;57.883,51;6859655029397;55.930,68;1361643489867;52.657,62;542406785729;57.282,86;4031091494371;58.523,59;48655406208
2021-01-19;54.593,08;4342703586327;56.682,23;5462384022169;58.049,34;6883403113968;56.090,71;1365577146358;52.802,02;543667084253;57.435,27;4034704454272;58.665,95;48150523623
2021-01-20;54.725,43;4318279345984;56.811,14;5446595318058;58.182,08;6845470388836;56.215,58;1361610368173;52.908,29;544037967286;57.580,37;4035839672085;58.802,26;48176759758
2021-01-21;54.924,17;4309185913303;57.001,52;5452642413259;58.385,89;6852686712960;56.399,15;1363473397787;53.086,23;545065786314;57.781,47;4048413335261;59.033,34;48510765507
2021-01-22;54.254,08;4257451166934;56.265,10;5379378463639;57.640,69;6757844553451;55.671,47;1345617893614;52.423,81;538306127744;57.010,98;3989252211857;58.245,35;47844395705
2021-01-23;54.254,08;4257451166934;56.265,10;5379378463639;57.640,69;6757844553451;55.671,47;1345617893614;52.423,81;538306127744;57.010,98;3989252211857;58.245,35;47844395705
2021-01-24;54.254,08;4257451166934;56.265,10;5379378463639;57.640,69;6757844553451;55.671,47;1345617893614;52.423,81;538306127744;57.010,98;3989252211857;58.245,35;47844395705
2021-01-25;54.389,60;4267491661381;56.403,96;5390975229776;57.798,89;6773838915363;55.837,28;1348948062637;52.576,55;540044270437;57.185,67;4001368722190;58.372,99;47983952695
2021-01-26;54.988,29;4313524378267;57.008,32;5448713914607;58.421,43;6845330331786;56.451,66;1363706349391;53.147,02;545764925709;57.819,67;4045827376971;59.014,78;48433478490
2021-01-27;54.634,01;4295576137094;56.656,25;5424554752094;58.059,71;6802166703652;56.109,60;1356583581565;52.797,55;542558421791;57.447,45;4024426741755;58.674,42;48204041098
2021-01-28;54.256,54;4255474233529;56.296,98;5378172497126;57.630,04;6722802307354;55.727,13;1343822037010;52.462,06;538474375240;57.060,22;3993220416764;58.320,15;47636846000
2021-01-29;54.170,38;4248810222565;56.249,86;5367025582913;57.571,29;6734356337160;55.648,52;1343047583750;52.387,54;537481687926;57.000,12;3979676608319;58.183,88;47777132056
2021-01-30;54.170,38;4248810222565;56.249,86;5367025582913;57.571,29;6734356337160;55.648,52;1343047583750;52.387,54;537481687926;57.000,12;3979676608319;58.183,88;47777132056
2021-01-31;54.170,38;4248810222565;56.249,86;5367025582913;57.571,29;6734356337160;55.648,52;1343047583750;52.387,54;537481687926;57.000,12;3979676608319;58.183,88;47777132056
2021-02-01;53.298,64;4183891893051;55.337,93;5287333449195;56.629,77;6624363781773;54.718,24;1316074587277;51.561,86;530815389779;56.071,25;3917509840168;57.197,57;46746026924
2021-02-02;53.714,43;4214613820078;55.774,25;5320428643252;57.090,20;6678177065110;55.142,29;1326135240939;51.944,02;534767690366;56.513,46;3946609894481;57.642,15;47164943266
2021-02-03;54.647,65;4286092455998;56.727,22;5413698300325;58.088,62;6792521507795;56.122,41;1350394027956;52.840,24;544347589819;57.504,39;4023988445501;58.658,73;48090717441
2021-02-04;54.597,60;4263085364267;56.665,76;5395204741704;58.035,89;6745142605142;56.063,75;1345757744292;52.780,96;543145793518;57.447,35;4017689277225;58.568,33;47939723243
2021-02-05;54.961,81;4285760467603;57.056,33;5424252533393;58.419,80;6781288574836;56.471,69;1355056678385;53.151,51;547039501436;57.849,10;4041137155783;58.975,91;48275387715
2021-02-06;54.961,81;4285760467603;57.056,33;5424252533393;58.419,80;6781288574836;56.471,69;1355056678385;53.151,51;547039501436;57.849,10;4041137155783;58.975,91;48275387715
2021-02-07;54.961,81;4285760467603;57.056,33;5424252533393;58.419,80;6781288574836;56.471,69;1355056678385;53.151,51;547039501436;57.849,10;4041137155783;58.975,91;48275387715
2021-02-08;55.257,05;4324474427515;57.362,08;5461524525463;58.755,02;6837063979507;56.761,00;1365211571712;53.426,85;550957202652;58.160,43;4064417338729;59.293,98;48702903332
2021-02-09;55.587,38;4350623752180;57.683,06;5494762035467;59.087,58;6881746828195;57.087,06;1373610245522;53.724,24;554491201041;58.472,74;4088410016625;59.581,69;48966956122
2021-02-10;55.774,83;4384220521505;57.852,68;5530093732255;59.303,83;6949576046301;57.246,90;1383979712138;53.878,31;557889747357;58.638,06;4109695913490;59.758,58;49640771766
2021-02-11;55.827,35;4437256591102;57.903,45;5556755147383;59.350,83;7002603896310;57.278,96;1392130552360;53.910,95;559433848766;58.699,73;4124189424882;59.833,36;49985883067
2021-02-12;55.618,53;4449459752674;57.690,97;5549602576169;59.140,68;6990277045178;57.067,85;1390871378161;53.711,60;558230001206;58.479,99;4105355983674;59.628,05;50002233270
2021-02-13;55.618,53;4449459752674;57.690,97;5549602576169;59.140,68;6990277045178;57.067,85;1390871378161;53.711,60;558230001206;58.479,99;4105355983674;59.628,05;50002233270
2021-02-14;55.618,53;4449459752674;57.690,97;5549602576169;59.140,68;6990277045178;57.067,85;1390871378161;53.711,60;558230001206;58.479,99;4105355983674;59.628,05;50002233270
2021-02-15;55.912,90;4483196578148;58.001,03;5583387014669;59.458,76;7038376086964;57.372,20;1391886954433;54.000,95;566350964026;58.783,50;4128640402860;59.938,85;50906658627
2021-02-16;55.730,44;4470764516883;57.812,03;5570042047294;59.235,01;7020717370448;57.160,50;1388570166391;53.815,14;565240430588;58.581,53;4118244619467;59.699,87;50948636718
2021-02-17;55.803,94;4478548639910;57.877,77;5579134858901;59.332,46;7035959241756;57.235,97;1391006403869;53.890,23;567044525345;58.651,86;4126198550854;59.780,43;51095285599
2021-02-18;55.734,76;4475460058933;57.830,95;5576003419583;59.257,54;7028776266963;57.156,14;1388815495199;53.838,88;566682808357;58.599,99;4123097256891;59.706,36;51088515434
2021-02-19;54.831,11;4409244505716;56.900,21;5489077410230;58.291,91;6920374271337;56.238,36;1367714912125;52.981,05;558000822925;57.660,50;4057209437882;58.699,65;50196035887
2021-02-20;54.831,11;4409244505716;56.900,21;5489077410230;58.291,91;6920374271337;56.238,36;1367714912125;52.981,05;558000822925;57.660,50;4057209437882;58.699,65;50196035887
2021-02-21;54.831,11;4409244505716;56.900,21;5489077410230;58.291,91;6920374271337;56.238,36;1367714912125;52.981,05;558000822925;57.660,50;4057209437882;58.699,65;50196035887
2021-02-22;54.693,31;4402360630381;56.751,22;5477568000505;58.158,62;6904679631926;56.107,69;1365482309333;52.828,90;556751520303;57.516,71;4047494593674;58.586,68;50156189001
2021-02-23;54.108,70;4307931550813;56.168,63;5396509563440;57.555,84;6774747569751;55.537,90;1343723296492;52.299,40;549785732854;56.920,01;3992775403452;57.920,36;49096428852
2021-02-24;53.738,79;4263000374574;55.766,30;5351224974032;57.140,30;6709579423243;55.142,81;1331448772295;51.917,32;545065116741;56.510,61;3961451927335;57.535,48;48691241254
2021-02-25;53.482,59;4240155806789;55.494,63;5323578639857;56.852,10;6678711911333;54.865,09;1324935743395;51.654,98;542429526279;56.208,32;3941333541521;57.234,57;48590962270
2021-02-26;53.439,38;4233573659971;55.502,49;5317347991439;56.827,04;6663988975207;54.851,13;1324440767981;51.644,13;541753636327;56.227,81;3934623981870;57.228,95;48711062031
2021-02-27;53.439,38;4233573659971;55.502,49;5317347991439;56.827,04;6663988975207;54.851,13;1324440767981;51.644,13;541753636327;56.227,81;3934623981870;57.228,95;48711062031
2021-02-28;53.439,38;4233573659971;55.502,49;5317347991439;56.827,04;6663988975207;54.851,13;1324440767981;51.644,13;541753636327;56.227,81;3934623981870;57.228,95;48711062031
2021-03-01;53.252,03;4217351112602;55.303,88;5296530857420;56.662,86;6637729228772;54.706,60;1315787340518;51.508,75;543120754717;56.056,95;3923839095203;57.048,14;48610585740
2021-03-02;53.990,31;4163464547109;56.063,66;5270611987359;57.448,50;6592968608039;55.469,11;1308921006120;52.216,75;538246217370;56.844,58;3905910395701;57.857,65;48877691809
2021-03-03;54.309,36;4134780142335;56.412,71;5246965970491;57.818,88;6522511970437;55.757,85;1295839018070;52.525,26;538450397675;57.204,41;3930862445924;58.138,92;49003867118
2021-03-04;54.688,86;4182930256791;56.811,98;5280633531241;58.204,49;6548783672210;56.143,70;1288200007519;52.856,24;542230065626;57.585,10;3957576736788;58.568,26;48999211072
2021-03-05;53.899,47;4153620425295;56.008,44;5215519935813;57.342,58;6484156392809;55.316,76;1268923844444;52.080,29;535033822590;56.792,70;3904965036509;57.727,92;48433644521
2021-03-06;53.899,47;4153620425295;56.008,44;5215519935813;57.342,58;6484156392809;55.316,76;1268923844444;52.080,29;535033822590;56.792,70;3904965036509;57.727,92;48433644521
2021-03-07;53.899,47;4153620425295;56.008,44;5215519935813;57.342,58;6484156392809;55.316,76;1268923844444;52.080,29;535033822590;56.792,70;3904965036509;57.727,92;48433644521
2021-03-08;53.968,45;4170582205063;56.046,22;5223061957857;57.392,15;6503952904545;55.356,64;1271955183201;52.115,30;535747767803;56.849,22;3911619600785;57.765,63;48620176408
2021-03-09;53.521,68;4139895424132;55.641,05;5184441073626;56.948,52;6453953880315;54.923,63;1262364526458;51.708,01;531706303006;56.379,53;3880456131502;57.314,59;48110643214
2021-03-10;53.497,99;4140224225953;55.588,19;5181814676427;56.932,29;6453382820760;54.890,03;1262329044385;51.670,49;531271885136;56.352,97;3880668922094;57.249,08;48250970832
2021-03-11;53.777,72;4170327181812;55.857,57;5212957239578;57.190,18;6488980560047;55.167,51;1269908169837;51.925,76;534159200724;56.626,51;3899920154833;57.559,13;50896149446
2021-03-12;53.899,39;4189071384333;55.980,08;5230667347131;57.326,02;6513034121131;55.299,55;1275233535052;52.039,87;535525485170;56.730,92;3899318787790;57.689,02;51189654655
2021-03-13;53.899,39;4189071384333;55.980,08;5230667347131;57.326,02;6513034121131;55.299,55;1275233535052;52.039,87;535525485170;56.730,92;3899318787790;57.689,02;51189654655
2021-03-14;53.899,39;4189071384333;55.980,08;5230667347131;57.326,02;6513034121131;55.299,55;1275233535052;52.039,87;535525485170;56.730,92;3899318787790;57.689,02;51189654655
2021-03-15;53.785,84;4189204232252;55.871,96;5224947994147;57.220,55;6510636019179;55.180,60;1269215799816;51.938,48;536784338523;56.615,52;3894345387241;57.507,36;51479646162
2021-03-16;53.889,26;4200079739796;55.975,64;5238676922518;57.320,44;6531919603009;55.290,54;1273480309146;52.036,61;538906857408;56.731,34;3908176112718;57.626,04;51625528049
2021-03-17;54.154,53;4223005718325;56.246,28;5264894069955;57.608,72;6565875822646;55.576,79;1280000670527;52.304,38;542011319942;57.008,54;3930494502864;57.897,08;52217512090
2021-03-18;54.564,98;4254773398864;56.653,20;5302533593647;58.010,63;6610662033227;55.973,08;1288670640274;52.679,96;546588512496;57.417,73;3961182584667;58.321,11;52585245917
2021-03-19;54.189,86;4227752812824;56.261,90;5262777197379;57.614,52;6560132028658;55.585,94;1278640102611;52.315,94;541903540654;57.038,67;3934832080420;57.856,09;75108315595
2021-03-20;54.189,86;4227752812824;56.261,90;5262777197379;57.614,52;6560132028658;55.585,94;1278640102611;52.315,94;541903540654;57.038,67;3934832080420;57.856,09;75108315595
2021-03-21;54.189,86;4227752812824;56.261,90;5262777197379;57.614,52;6560132028658;55.585,94;1278640102611;52.315,94;541903540654;57.038,67;3934832080420;57.856,09;75108315595
2021-03-22;53.550,62;4178156483716;55.598,02;5200147969152;56.941,46;6482628360017;54.920,82;1263447446098;51.704,71;535691272222;56.373,99;3890088174836;57.170,11;79961826982
2021-03-23;53.456,67;4170876145878;55.519,32;5188969441120;56.856,40;6469458379510;54.834,63;1260493953177;51.628,62;534757823976;56.290,42;3882357964202;57.117,04;79771622093
2021-03-24;53.281,87;4157163504706;55.337,39;5171710749903;56.664,98;6446418936641;54.652,21;1255846465606;51.467,77;532781880951;56.141,77;3871455097736;56.898,07;79545391239
2021-03-25;53.035,84;4136458689042;55.090,30;5146401501247;56.397,66;6412489831935;54.398,19;1248974769517;51.231,32;530386806143;55.892,56;3853581107334;56.639,12;83490036823
2021-03-26;53.362,40;4166532566684;55.415,18;5178369908290;56.729,75;6449207128129;54.747,13;1256642413138;51.535,31;533395693590;56.194,74;3874168838156;57.026,86;84060636816
2021-03-27;53.362,40;4166532566684;55.415,18;5178369908290;56.729,75;6449207128129;54.747,13;1256642413138;51.535,31;533395693590;56.194,74;3874168838156;57.026,86;84060636816
2021-03-28;53.362,40;4166532566684;55.415,18;5178369908290;56.729,75;6449207128129;54.747,13;1256642413138;51.535,31;533395693590;56.194,74;3874168838156;57.026,86;84060636816
2021-03-29;54.004,05;4208248964583;56.049,66;5223064121927;57.398,15;6494068371095;55.377,52;1266215736108;52.128,02;539372384835;56.855,73;3912980889445;57.688,33;85171073901
2021-03-30;54.428,35;4241324842460;56.476,69;5269064850865;57.833,14;6528722215254;55.824,76;1274377680710;52.533,55;542826443031;57.295,22;3952123689760;58.165,00;85665363794
2021-03-31;54.332,59;4207923154233;56.383,33;5231283268686;57.734,35;6480611060785;55.726,01;1267809241895;52.438,15;540078582843;57.182,62;3925811763041;58.058,95;85277712300
2021-04-01;53.878,56;4091249511353;55.899,23;5114129111869;57.240,46;6310378567667;55.258,53;1213588502910;52.024,56;528924838128;56.701,23;3861791361713;57.529,82;378615585667
2021-04-02;53.878,56;4091249511353;55.899,23;5114129111869;57.240,46;6310378567667;55.258,53;1213588502910;52.024,56;528924838128;56.701,23;3861791361713;57.529,82;378615585667
2021-04-03;53.878,56;4091249511353;55.899,23;5114129111869;57.240,46;6310378567667;55.258,53;1213588502910;52.024,56;528924838128;56.701,23;3861791361713;57.529,82;378615585667
2021-04-04;53.878,56;4091249511353;55.899,23;5114129111869;57.240,46;6310378567667;55.258,53;1213588502910;52.024,56;528924838128;56.701,23;3861791361713;57.529,82;378615585667
2021-04-05;53.871,04;4081682977809;55.918,12;5110600099857;57.285,07;6326299996284;55.278,90;1215581273241;52.061,11;529233911070;56.708,96;3863128001724;57.581,49;379207982586
2021-04-06;54.145,53;4106596966411;56.184,49;5138735375616;57.546,29;6367141976352;55.546,83;1223243157914;52.341,39;532678393235;56.961,20;3883923123839;57.917,96;381519573858
2021-04-07;54.231,11;4121256081374;56.297,16;5152742877059;57.668,87;6386521892371;55.656,44;1227295363670;52.445,84;533961275869;57.106,44;3896737201592;57.952,45;381887978658
2021-04-08;54.028,68;4108973094642;56.084,64;5135115096028;57.418,58;6363330478469;55.439,68;1223195985123;52.235,34;532227562323;56.906,59;3884181484869;57.645,13;379903739761
2021-04-09;53.875,38;4100890345962;55.928,44;5125083911739;57.269,09;6351207376149;55.298,43;1222291338362;52.103,73;531134790296;56.773,24;3868050356024;57.586,49;379301555369
2021-04-10;53.875,38;4100890345962;55.928,44;5125083911739;57.269,09;6351207376149;55.298,43;1222291338362;52.103,73;531134790296;56.773,24;3868050356024;57.586,49;379301555369
2021-04-11;53.875,38;4100890345962;55.928,44;5125083911739;57.269,09;6351207376149;55.298,43;1222291338362;52.103,73;531134790296;56.773,24;3868050356024;57.586,49;379301555369
2021-04-12;53.899,54;4072338147488;55.966,30;5111071471556;57.305,00;6311806301535;55.342,35;1218734826996;52.138,52;530683873729;56.805,22;3864407521245;57.612,67;378870695520
2021-04-13;53.695,28;4036404394255;55.756,66;5092039334831;57.072,42;6286774587586;55.124,29;1215020400644;51.938,85;529072207184;56.592,73;3852432323288;57.356,82;377176112549
2021-04-14;53.791,21;4049192822509;55.857,92;5108858981111;57.173,21;6303938939901;55.217,96;1219793901191;52.034,63;530880062524;56.712,78;3866701526666;57.466,66;378619690978
2021-04-15;53.847,78;4058580497890;55.898,63;5110625531172;57.225,18;6316932683790;55.265,99;1217400964742;52.056,41;534111127683;56.756,15;3865746513010;57.518,05;401374220667
2021-04-16;53.791,11;4051925193460;55.851,67;5105570140400;57.168,86;6308040422533;55.215,67;1215548908839;52.024,44;533723531540;56.702,63;3858021248371;57.483,13;401025826335
2021-04-17;53.791,11;4051925193460;55.851,67;5105570140400;57.168,86;6308040422533;55.215,67;1215548908839;52.024,44;533723531540;56.702,63;3858021248371;57.483,13;401025826335
2021-04-18;53.791,11;4051925193460;55.851,67;5105570140400;57.168,86;6308040422533;55.215,67;1215548908839;52.024,44;533723531540;56.702,63;3858021248371;57.483,13;401025826335
2021-04-19;54.291,42;4089546789870;56.385,27;5150996994438;57.695,26;6365092201430;55.724,49;1226656321425;52.501,34;538872966423;57.192,19;3890609393018;57.990,65;404103136666
2021-04-20;54.275,62;3884208301022;56.362,82;4890930911603;57.686,82;6045673041116;55.698,24;1164622347295;52.481,79;511734567744;57.212,65;3705108247622;57.935,48;384194728308
2021-04-21;53.781,40;3646290688515;55.816,66;4598365809126;57.150,52;5672541304736;55.138,43;1091851366019;51.972,94;491404260965;56.675,10;3592546585091;57.377,83;360702410262
2021-04-22;53.721,36;3551854075587;55.779,96;4558888184583;57.076,79;5435650183919;55.095,42;1033135977214;51.936,19;486687766169;56.645,04;3566854188022;57.376,96;341892192330
2021-04-23;54.213,88;3552888339909;56.308,18;4574012842792;57.607,66;5442312048552;55.608,12;1017934171319;52.425,85;487523596351;57.159,21;3574143947166;57.890,92;326755968928
2021-04-24;54.213,88;3552888339909;56.308,18;4574012842792;57.607,66;5442312048552;55.608,12;1017934171319;52.425,85;487523596351;57.159,21;3574143947166;57.890,92;326755968928
2021-04-25;54.213,88;3552888339909;56.308,18;4574012842792;57.607,66;5442312048552;55.608,12;1017934171319;52.425,85;487523596351;57.159,21;3574143947166;57.890,92;326755968928
2021-04-26;54.859,56;3589537750541;56.945,96;4618965334771;58.279,15;5491598649692;56.240,38;1026446256000;53.004,14;492413113311;57.793,39;3611193564393;58.496,05;312496754768
2021-04-27;54.643,77;3762760011838;56.750,80;4844515047391;58.046,00;5744279309563;56.075,40;1075527837275;52.801,59;515089960411;57.599,31;3789339604921;58.314,13;294680494347
2021-04-28;54.310,29;3917331736213;56.437,35;5046286061015;57.733,66;5983958484828;55.734,88;1119873570486;52.483,95;529376139336;57.277,84;3848630589874;57.929,43;276518871747
2021-04-29;54.118,86;4036251529490;56.229,49;5104989154935;57.511,20;6244680284381;55.555,25;1168985981874;52.274,29;532657676161;57.045,30;3862921249688;57.666,52;260532875107
2021-04-30;54.271,66;4072939728457;56.405,60;5146674786279;57.693,06;6343738864082;55.733,96;1219897134031;52.439,33;536948873991;57.230,67;3888151094586;57.790,31;249329091687
2021-05-01;54.271,66;4072939728457;56.405,60;5146674786279;57.693,06;6343738864082;55.733,96;1219897134031;52.439,33;536948873991;57.230,67;3888151094586;57.790,31;249329091687
2021-05-02;54.271,66;4072939728457;56.405,60;5146674786279;57.693,06;6343738864082;55.733,96;1219897134031;52.439,33;536948873991;57.230,67;3888151094586;57.790,31;249329091687
2021-05-03;54.138,65;4072669010204;56.241,50;5137392439060;57.550,10;6340152465449;55.599,31;1217300226995;52.325,73;536472021395;57.115,21;3888565816162;57.653,23;263517334893
2021-05-04;53.976,07;4064473810832;56.095,93;5130669710906;57.370,56;6330881560865;55.431,02;1215151654095;52.153,35;535511703391;56.920,09;3872178994990;57.448,30;274438205014
2021-05-05;53.844,50;3966842031069;55.952,48;5130325513708;57.180,70;6319464401283;55.232,52;1168048430425;51.991,85;534120137483;56.744,09;3819929913521;57.208,84;285329242418
2021-05-06;53.890,05;3936390073716;55.995,64;5025564427302;57.217,61;6163419435001;55.269,11;1170357118333;52.025,27;534729012982;56.775,87;3764800351192;57.333,62;298876424564
2021-05-07;53.773,24;3928184737464;55.916,25;5016075849315;57.117,89;6136028028600;55.159,53;1162929964427;51.933,81;502834098570;56.650,24;3763350601866;57.226,15;301204250791
2021-05-08;53.773,24;3928184737464;55.916,25;5016075849315;57.117,89;6136028028600;55.159,53;1162929964427;51.933,81;502834098570;56.650,24;3763350601866;57.226,15;301204250791
2021-05-09;53.773,24;3928184737464;55.916,25;5016075849315;57.117,89;6136028028600;55.159,53;1162929964427;51.933,81;502834098570;56.650,24;3763350601866;57.226,15;301204250791
2021-05-10;53.673,96;3888755117750;55.820,98;4992650969180;56.997,91;6103980739254;55.061,80;1152298277222;51.818,65;500710330662;56.498,74;3615725844598;57.096,72;314830361361
2021-05-11;53.450,81;3867607277229;55.578,57;4968408790933;56.741,30;6069414471962;54.830,56;1148034751944;51.587,05;499118317041;56.249,67;3601227021516;56.791,00;318587906349
2021-05-12;53.286,84;3659266789200;55.407,67;4704376308389;56.580,26;5752765720837;54.630,82;1088138293575;51.418,16;473886031737;56.097,65;3439417199492;56.621,80;301457067684
2021-05-13;53.200,60;3455928997674;55.294,61;4487477186025;56.479,58;5431001997277;54.508,27;1029661013701;51.351,96;463158949443;55.992,13;3372204521172;56.401,25;284421567444
2021-05-14;53.344,19;3396587538584;55.413,76;4449015747040;56.606,28;5243441266280;54.640,55;987667143464;51.430,78;458899592742;56.127,21;3347764891591;56.564,36;269808554175
2021-05-15;53.344,19;3396587538584;55.413,76;4449015747040;56.606,28;5243441266280;54.640,55;987667143464;51.430,78;458899592742;56.127,21;3347764891591;56.564,36;269808554175
2021-05-16;53.344,19;3396587538584;55.413,76;4449015747040;56.606,28;5243441266280;54.640,55;987667143464;51.430,78;458899592742;56.127,21;3347764891591;56.564,36;269808554175
2021-05-17;53.554,43;3392829864150;55.634,03;4444535408194;56.842,29;5245526030947;54.868,65;974125883037;51.638,10;452351656458;56.335,92;3351821888412;56.794,12;256041769042
2021-05-18;53.816,62;3378971003592;55.996,00;4448962885092;57.097,74;5235203913589;55.223,20;965191167725;51.943,70;451045648690;56.667,54;3347497747026;57.231,17;244045297561
2021-05-19;53.622,21;3348540699751;55.839,80;4417418183196;56.965,07;5191508287121;55.066,79;953919410314;51.796,22;447471308831;56.531,56;3327051490174;57.079,65;229810595124
2021-05-20;53.367,77;3323755774335;55.576,91;4369389243748;56.680,27;5141427821265;54.805,46;944712943613;51.577,61;444956031438;56.298,95;3285441568782;56.848,31;216704143404
2021-05-21;53.367,77;3323755774335;55.576,91;4369389243748;56.680,27;5141427821265;54.805,46;944712943613;51.577,61;444956031438;56.298,95;3285441568782;56.848,31;216704143404
2021-05-22;53.367,77;3323755774335;55.576,91;4369389243748;56.680,27;5141427821265;54.805,46;944712943613;51.577,61;444956031438;56.298,95;3285441568782;56.848,31;216704143404
2021-05-23;53.367,77;3323755774335;55.576,91;4369389243748;56.680,27;5141427821265;54.805,46;944712943613;51.577,61;444956031438;56.298,95;3285441568782;56.848,31;216704143404
2021-05-24;53.690,75;3348898673474;55.933,98;4391434095712;57.034,61;5138355466400;55.150,98;946418191305;51.896,96;446596336426;56.650,99;3303448255478;57.147,61;205675987565
2021-05-25;54.713,56;3416279231973;56.959,39;4465355876386;58.050,45;5231518851749;56.169,70;963518891596;52.882,57;452803798308;57.751,56;3371849307534;58.228,23;198158459378
2021-05-26;55.285,63;3463799854722;57.595,83;4527244946392;58.686,75;5288414831179;56.788,20;974454536290;53.448,85;457851559632;58.389,38;3419248729134;58.839,76;189308663279
2021-05-27;55.326,16;3475149384835;57.633,81;4538375612165;58.720,23;5322742036018;56.826,98;977912530839;53.483,37;458718302304;58.433,32;3428972251107;58.870,03;178817767455
2021-05-28;55.442,80;3653903174128;57.757,46;4772969885361;58.836,73;5591683405068;56.949,08;1028357790890;53.586,99;481351019026;58.528,98;3579406570982;58.985,15;168917899244
2021-05-29;55.442,80;3653903174128;57.757,46;4772969885361;58.836,73;5591683405068;56.949,08;1028357790890;53.586,99;481351019026;58.528,98;3579406570982;58.985,15;168917899244
2021-05-30;55.442,80;3653903174128;57.757,46;4772969885361;58.836,73;5591683405068;56.949,08;1028357790890;53.586,99;481351019026;58.528,98;3579406570982;58.985,15;168917899244
2021-05-31;55.400,47;3804981955793;57.732,54;4943168475276;58.786,52;5839723899227;56.913,55;1074773351060;53.584,51;492278494471;58.527,74;3631669778939;58.962,84;159789016219
2021-06-01;55.455,24;3888404365019;57.788,65;4988857179772;58.835,32;6047730147209;56.981,22;1123782084157;53.611,80;498624106673;58.568,46;3644876777870;59.056,48;151517378712
2021-06-02;55.697,28;3926359236194;58.069,75;5027736892229;59.072,10;6105235182002;57.233,52;1140055219190;53.843,62;503773913252;58.788,12;3670682217144;59.282,33;144982902938
2021-06-03;55.637,52;3935778245181;58.001,48;5026360447145;59.009,77;6112707723776;57.178,61;1144229210100;53.799,23;504445745520;58.723,75;3672771739614;59.246,37;141016958698
2021-06-04;55.251,37;3907768267242;57.584,68;4981476748858;58.596,73;6043591414451;56.764,76;1135588821853;53.430,23;500953964829;58.312,41;3639705761969;58.806,31;138221016000
2021-06-05;55.251,37;3907768267242;57.584,68;4981476748858;58.596,73;6043591414451;56.764,76;1135588821853;53.430,23;500953964829;58.312,41;3639705761969;58.806,31;138221016000
2021-06-06;55.251,37;3907768267242;57.584,68;4981476748858;58.596,73;6043591414451;56.764,76;1135588821853;53.430,23;500953964829;58.312,41;3639705761969;58.806,31;138221016000
2021-06-07;55.190,12;3899866265056;57.485,48;4972529068506;58.525,49;6040625444131;56.681,50;1134857278668;53.354,90;500669483775;58.263,71;3636883703187;58.703,44;135781831498
2021-06-08;55.145,25;3894641560434;57.421,20;4968532981122;58.470,68;6040214977582;56.617,23;1134210417016;53.287,67;500404305912;58.219,10;3635371445095;58.623,90;133975254393
2021-06-09;55.244,43;3905835636824;57.535,85;4982751583891;58.570,38;6050392999311;56.723,21;1137937762987;53.387,05;500307572173;58.327,73;3641322500650;58.758,53;133165440574
2021-06-10;55.351,27;3918322190033;57.649,86;5004604290512;58.674,10;6075520217219;56.835,07;1142090000121;53.496,11;502540652789;58.420,48;3651671982131;58.892,12;132452233071
2021-06-11;55.630,83;3947130353804;57.932,40;5040504790663;58.978,32;6110821847020;57.116,57;1151301052633;53.759,45;505597083032;58.711,33;3668919442964;59.185,00;133174004661
2021-06-12;55.630,83;3947130353804;57.932,40;5040504790663;58.978,32;6110821847020;57.116,57;1151301052633;53.759,45;505597083032;58.711,33;3668919442964;59.185,00;133174004661
2021-06-13;55.630,83;3947130353804;57.932,40;5040504790663;58.978,32;6110821847020;57.116,57;1151301052633;53.759,45;505597083032;58.711,33;3668919442964;59.185,00;133174004661
2021-06-14;55.617,06;3953231085262;57.940,42;5053117132771;58.974,10;6118394037014;57.127,34;1154140761458;53.779,32;506937694222;58.715,78;3675753849271;59.160,37;139923166460
2021-06-15;55.661,29;3969233826476;58.005,56;5062338286504;59.041,50;6141561834630;57.195,11;1155754142502;53.836,88;512135116558;58.778,19;3690922028139;59.233,47;145925519897
2021-06-16;55.786,01;3983952810252;58.137,90;5081439619330;59.177,51;6163488742713;57.322,89;1159891528117;53.960,54;514894098954;58.917,67;3704181771145;59.371,74;153238426431
2021-06-17;55.678,84;3985507553217;58.032,46;5079789046151;59.061,84;6161942323273;57.219,32;1159806183197;53.861,47;513947752067;58.822,27;3702132700216;59.284,98;159725873051
2021-06-18;55.962,96;4021449478046;58.309,91;5112383928304;59.340,97;6208285944308;57.484,12;1167228190903;54.103,63;517815732825;59.138,21;3725384172582;59.574,44;167954612687
2021-06-19;55.962,96;4021449478046;58.309,91;5112383928304;59.340,97;6208285944308;57.484,12;1167228190903;54.103,63;517815732825;59.138,21;3725384172582;59.574,44;167954612687
2021-06-20;55.962,96;4021449478046;58.309,91;5112383928304;59.340,97;6208285944308;57.484,12;1167228190903;54.103,63;517815732825;59.138,21;3725384172582;59.574,44;167954612687
2021-06-21;55.962,96;4021449478046;58.309,91;5112383928304;59.340,97;6208285944308;57.484,12;1167228190903;54.103,63;517815732825;59.138,21;3725384172582;59.574,44;167954612687
2021-06-22;56.388,12;4064019015434;58.759,10;5159334916398;59.782,11;6262188171285;57.937,39;1178239267816;54.506,00;522186296548;59.575,52;3758102955877;60.083,28;177030103011
2021-06-23;56.760,17;4092811897251;59.138,48;5194999136254;60.154,50;6302836463016;58.309,58;1186597973214;54.867,18;525827561160;59.953,80;3785191953301;60.471,78;186166325053
2021-06-24;56.093,17;4048960172262;58.430,70;5137498344230;59.443,55;6231986446077;57.614,30;1172890428910;54.205,25;519814128036;59.228,18;3744841286965;59.747,10;192244437812
2021-06-25;56.303,87;4061999669864;58.662,20;5155670578976;59.667,95;6255242137971;57.834,88;1176396723077;54.434,75;521911593209;59.425,34;3753618299306;59.980,77;201463200105
2021-06-26;56.303,87;4061999669864;58.662,20;5155670578976;59.667,95;6255242137971;57.834,88;1176396723077;54.434,75;521911593209;59.425,34;3753618299306;59.980,77;201463200105
2021-06-27;56.303,87;4061999669864;58.662,20;5155670578976;59.667,95;6255242137971;57.834,88;1176396723077;54.434,75;521911593209;59.425,34;3753618299306;59.980,77;201463200105
2021-06-28;56.303,87;4061999669864;58.662,20;5155670578976;59.667,95;6255242137971;57.834,88;1176396723077;54.434,75;521911593209;59.425,34;3753618299306;59.980,77;201463200105
2021-06-29;56.389,63;4072074681776;58.736,07;5169263585127;59.767,64;6275826035294;57.911,64;1177760297042;54.493,61;523048641475;59.498,64;3760077402692;60.061,34;208965676658
2021-06-30;56.393,93;4064996459871;58.746,55;5160942144225;59.778,52;6263600052421;57.923,34;1177728863577;54.501,07;522576582408;59.493,75;3750984279317;60.102,48;218502991155
2021-07-01;55.893,00;4068521292247;58.201,18;5124723639069;59.220,89;6225915015395;57.395,92;1167215616376;53.996,57;520798329745;58.952,82;3725697417774;59.537,89;194897118635
2021-07-02;56.317,56;4106695877831;58.655,73;5161324863367;59.729,90;6288811586753;57.862,02;1178372592684;54.461,46;525530621614;59.401,22;3754723112252;60.009,02;198022365500
2021-07-03;56.317,56;4106695877831;58.655,73;5161324863367;59.729,90;6288811586753;57.862,02;1178372592684;54.461,46;525530621614;59.401,22;3754723112252;60.009,02;198022365500
2021-07-04;56.317,56;4106695877831;58.655,73;5161324863367;59.729,90;6288811586753;57.862,02;1178372592684;54.461,46;525530621614;59.401,22;3754723112252;60.009,02;198022365500
2021-07-05;56.165,48;4118146002243;58.493,42;5166242108431;59.560,05;6291507455464;57.695,92;1178955429421;54.323,69;525422409361;59.274,04;3766915078992;59.832,47;198099351136
2021-07-06;56.030,52;4117090852726;58.344,52;5159934796980;59.422,13;6290106868661;57.540,96;1177503829305;54.193,66;525080390954;59.121,51;3760534678599;59.680,56;198612419880
2021-07-07;56.224,30;4135866435999;58.517,98;5175384532400;59.624,92;6318710653355;57.714,98;1182782018677;54.362,08;526857008670;59.340,29;3777467790080;59.864,06;200370874223
2021-07-08;56.610,10;4155843648543;58.923,07;5214878126768;60.075,54;6373654234952;58.121,94;1192016309781;54.750,43;531227511452;59.741,35;3805268410551;60.310,15;200997025735
2021-07-09;56.223,00;4137340634007;58.534,45;5186414802242;59.663,11;6343496940859;57.717,30;1185206297306;54.375,68;528026435323;59.363,19;3784756674075;59.941,53;200100486745
2021-07-10;56.223,00;4137340634007;58.534,45;5186414802242;59.663,11;6343496940859;57.717,30;1185206297306;54.375,68;528026435323;59.363,19;3784756674075;59.941,53;200100486745
2021-07-11;56.223,00;4137340634007;58.534,45;5186414802242;59.663,11;6343496940859;57.717,30;1185206297306;54.375,68;528026435323;59.363,19;3784756674075;59.941,53;200100486745
2021-07-12;56.475,32;4164284374734;58.815,35;5222517619841;59.909,04;6382901487240;57.997,56;1193617008193;54.642,71;531418148471;59.629,09;3807082114463;60.251,51;201408024941
2021-07-13;56.483,72;4172646952914;58.826,21;5233000576159;59.925,74;6398031736906;58.016,24;1196061078837;54.626,71;532373093650;59.631,60;3805012828699;60.217,56;201790931704
2021-07-14;56.474,65;4176791000745;58.819,74;5247064336382;59.923,88;6400433153971;57.990,48;1198171065535;54.626,18;533846329108;59.596,48;3806929184201;60.186,49;202294396476
2021-07-15;56.643,77;4210679355909;58.994,28;5272756429748;60.096,46;6439560771983;58.153,56;1201638122466;54.785,21;539314325279;59.784,47;3826043073693;60.386,53;178467940781
2021-07-16;56.643,77;4210679355909;58.994,28;5272756429748;60.096,46;6439560771983;58.153,56;1201638122466;54.785,21;539314325279;59.784,47;3826043073693;60.386,53;178467940781
2021-07-17;56.643,77;4210679355909;58.994,28;5272756429748;60.096,46;6439560771983;58.153,56;1201638122466;54.785,21;539314325279;59.784,47;3826043073693;60.386,53;178467940781
2021-07-18;56.643,77;4210679355909;58.994,28;5272756429748;60.096,46;6439560771983;58.153,56;1201638122466;54.785,21;539314325279;59.784,47;3826043073693;60.386,53;178467940781
2021-07-19;56.535,48;4213537609043;58.850,85;5270625323698;59.973,48;6445107229792;58.011,92;1200184924336;54.650,94;538776323076;59.663,88;3822466356565;60.252,84;178156243522
2021-07-20;56.379,89;4211202412738;58.669,44;5260283926611;59.775,75;6429719806677;57.802,73;1197210481247;54.499,04;537752207778;59.554,98;3819004863997;60.104,26;178086877255
2021-07-21;56.595,00;4237422606876;58.906,98;5292701413837;60.003,36;6466286111804;58.049,98;1204017197979;54.721,90;540238439817;59.775,02;3838046363266;60.391,35;179260849335
2021-07-22;56.734,97;4251618938661;59.079,09;5313092173239;60.184,56;6492028592426;58.219,80;1207974913798;54.883,81;542173498700;59.928,64;3850645825091;60.530,81;179652279209
2021-07-23;56.531,97;4234139887542;58.867,92;5300163186545;59.999,83;6468253635940;58.005,53;1204646553216;54.671,11;540612465765;59.729,71;3838443414335;60.273,92;178749660019
2021-07-24;56.531,97;4234139887542;58.867,92;5300163186545;59.999,83;6468253635940;58.005,53;1204646553216;54.671,11;540612465765;59.729,71;3838443414335;60.273,92;178749660019
2021-07-25;56.531,97;4234139887542;58.867,92;5300163186545;59.999,83;6468253635940;58.005,53;1204646553216;54.671,11;540612465765;59.729,71;3838443414335;60.273,92;178749660019
2021-07-26;56.640,60;4242408883640;59.012,00;5313314920483;60.156,29;6487128383835;58.142,19;1207676568608;54.796,17;542073693555;59.880,29;3848139995485;60.372,50;178909531239
2021-07-27;56.498,27;4240580875874;58.910,82;5308491320647;60.041,77;6478854963978;58.042,84;1207707586524;54.707,94;541797364779;59.770,14;3847721371841;60.228,19;178992252777
2021-07-28;55.980,92;4205403245650;58.379,58;5266656310918;59.467,39;6411321513677;57.502,12;1198021002270;54.214,86;536604179064;59.241,63;3817370029660;59.662,82;177410213242
2021-07-29;56.722,77;4269381707740;59.140,68;5341664104083;60.270,89;6510050310898;58.247,51;1215504435983;54.920,69;544645799497;59.998,33;3870644471507;60.485,39;180617919660
2021-07-30;56.661,72;4270157999241;59.102,27;5339952899600;60.193,82;6511926246049;58.198,66;1218966510218;54.846,78;545482386794;59.917,00;3863728689076;60.370,77;181134788450
2021-07-31;56.661,72;4270157999241;59.102,27;5339952899600;60.193,82;6511926246049;58.198,66;1218966510218;54.846,78;545482386794;59.917,00;3863728689076;60.370,77;181134788450
2021-08-01;56.661,72;4270157999241;59.102,27;5339952899600;60.193,82;6511926246049;58.198,66;1218966510218;54.846,78;545482386794;59.917,00;3863728689076;60.370,77;181134788450
2021-08-02;56.587,35;4283795414058;59.024,12;5349683210052;60.098,59;6520133962500;58.095,77;1217032218314;54.757,79;547945891609;59.853,39;3866968078463;60.330,14;168998082938
2021-08-03;56.861,64;4314337025735;59.291,45;5381687439495;60.394,30;6569713398645;58.355,22;1226107580610;54.991,50;551546171889;60.116,81;3888400974630;60.615,74;170501109343
2021-08-04;57.775,35;4393350710703;60.252,65;5475639398045;61.352,85;6683014865769;59.287,70;1247605272875;55.890,86;561252982910;61.054,05;3956125636210;61.592,35;173645476762
2021-08-05;57.775,58;4406753409253;60.278,07;5489985800412;61.395,06;6690035374901;59.252,45;1248958905175;55.897,97;561508680852;61.043,11;3965256178741;61.592,45;173184556263
2021-08-06;57.969,40;4432763697969;60.477,31;5515645200676;61.587,99;6729011748492;59.440,27;1256790809359;56.076,97;564531318494;61.243,14;3981503708189;61.782,64;174212687978
2021-08-07;57.969,40;4432763697969;60.477,31;5515645200676;61.587,99;6729011748492;59.440,27;1256790809359;56.076,97;564531318494;61.243,14;3981503708189;61.782,64;174212687978
2021-08-08;57.969,40;4432763697969;60.477,31;5515645200676;61.587,99;6729011748492;59.440,27;1256790809359;56.076,97;564531318494;61.243,14;3981503708189;61.782,64;174212687978
2021-08-09;58.426,07;4472120525832;60.959,30;5557870323880;62.065,41;6791799314904;59.925,01;1268444726106;56.528,60;569764079363;61.702,93;4015253387282;62.266,64;175915088432
2021-08-10;58.600,94;4489366652934;61.144,61;5592969928993;62.262,35;6826814992528;60.085,62;1275724885261;56.694,75;572612829132;61.880,66;4032416764469;62.453,72;177412218943
2021-08-11;58.350,38;4481534588316;60.883,72;5583636864722;62.005,59;6814625282424;59.857,06;1275432293538;56.447,90;570966158982;61.608,03;4015968539692;62.168,03;177193166438
2021-08-12;58.034,87;4470074429404;60.585,69;5566368193994;61.673,07;6790963777562;59.564,69;1272300163344;56.176,35;569980467408;61.286,08;3998106378302;61.849,12;177100937430
2021-08-13;57.901,71;4479544507013;60.459,15;5573203238043;61.551,34;6803819183177;59.424,20;1274076626339;56.066,91;571116376473;61.175,33;3998597243820;61.718,07;177923145357
2021-08-14;57.901,71;4479544507013;60.459,15;5573203238043;61.551,34;6803819183177;59.424,20;1274076626339;56.066,91;571116376473;61.175,33;3998597243820;61.718,07;177923145357
2021-08-15;57.901,71;4479544507013;60.459,15;5573203238043;61.551,34;6803819183177;59.424,20;1274076626339;56.066,91;571116376473;61.175,33;3998597243820;61.718,07;177923145357
2021-08-16;58.064,86;4515626531495;60.641,80;5604223543548;61.727,99;6847622908005;59.592,85;1279069100783;56.229,30;576142994247;61.362,32;4023834511085;61.894,86;173341267900
2021-08-17;58.274,42;4545132782123;60.867,59;5636614094777;62.000,69;6898332797702;59.789,19;1287424308325;56.443,77;580710286137;61.571,67;4045802830551;62.070,68;174650696332
2021-08-18;58.191,47;4551372478574;60.790,64;5646357841860;61.949,80;6903913671947;59.699,89;1287944740484;56.393,59;580719212666;61.500,14;4046167448112;62.041,69;174958612232
2021-08-19;57.958,95;4540180775402;60.537,83;5627667507625;61.715,62;6885590978545;59.429,65;1282625581174;56.163,74;578678463187;61.273,79;4033268095217;61.789,66;174215938117
2021-08-20;57.543,64;4520941109776;60.103,28;5596273234080;61.274,64;6847591530270;59.000,93;1277239519047;55.777,29;575823875601;60.850,08;4008161532875;61.379,51;173892120901
2021-08-21;57.543,64;4520941109776;60.103,28;5596273234080;61.274,64;6847591530270;59.000,93;1277239519047;55.777,29;575823875601;60.850,08;4008161532875;61.379,51;173892120901
2021-08-22;57.543,64;4520941109776;60.103,28;5596273234080;61.274,64;6847591530270;59.000,93;1277239519047;55.777,29;575823875601;60.850,08;4008161532875;61.379,51;173892120901
2021-08-23;57.488,65;4496776789036;60.054,04;5578145817444;61.243,69;6809239800211;58.982,80;1271166721413;55.739,40;575011748164;60.792,74;3994362582852;61.397,95;173035192299
2021-08-24;57.881,67;4506872549030;60.466,51;5615434789665;61.663,32;6848473408744;59.383,17;1278318310590;56.104,25;578736440094;61.183,76;4020948387784;61.768,35;174198140801
2021-08-25;58.220,67;4532113504049;60.791,49;5649218135995;62.001,00;6886166420372;59.717,68;1285936028920;56.405,16;581937468220;61.510,32;4046958650852;62.076,64;174849489383
2021-08-26;58.330,69;4538864174579;60.938,75;5666443809320;62.159,96;6901641058592;59.853,65;1288872351484;56.538,25;583370461442;61.648,07;4059461891189;62.177,01;174372815294
2021-08-27;58.262,49;4537081422715;60.876,51;5664446426936;62.129,54;6904315371780;59.770,91;1288805304750;56.491,49;583429871195;61.604,49;4057368102715;62.152,11;174317769676
2021-08-28;58.262,49;4537081422715;60.876,51;5664446426936;62.129,54;6904315371780;59.770,91;1288805304750;56.491,49;583429871195;61.604,49;4057368102715;62.152,11;174317769676
2021-08-29;58.262,49;4537081422715;60.876,51;5664446426936;62.129,54;6904315371780;59.770,91;1288805304750;56.491,49;583429871195;61.604,49;4057368102715;62.152,11;174317769676
2021-08-30;58.551,13;4567718820537;61.171,22;5704480060706;62.430,49;6963155869719;60.104,25;1300179646376;56.770,60;587522472944;61.919,77;4084244164574;62.464,19;175278012535
2021-08-31;58.469,64;4558470237836;61.069,35;5689176526174;62.378,09;6959129328817;60.013,87;1297943145590;56.685,05;585610185679;61.835,73;4073805089079;62.356,62;175085531263

Valores Provisorios - Sujetos a Confirmacion

Fecha;CAPITAL;;CUPRUM;;HABITAT;;MODELO;;PLANVITAL;;PROVIDA;;UNO
;Valor Cuota;Valor Patrimonio;Valor Cuota;Valor Patrimonio;Valor Cuota;Valor Patrimonio;Valor Cuota;Valor Patrimonio;Valor Cuota;Valor Patrimonio;Valor Cuota;Valor Patrimonio;Valor Cuota;Valor Patrimonio
2021-09-01;58.364,04;4563711567957;60.946,65;5691402229941;62.233,12;6955439130654;59.874,87;1293906378123;56.538,81;587007681413;61.717,87;4072157341029;62.190,30;170390420639
2021-09-02;57.997,23;4540128193689;60.535,39;5656397991262;61.818,58;6914807411293;59.489,68;1287125250463;56.166,03;583813799075;61.269,14;4042890821991;61.828,69;169822573619
2021-09-03;58.070,16;4562874781216;60.648,20;5679657738919;61.929,69;6946893174749;59.595,80;1293121518791;56.255,27;585713810820;61.341,58;4049327555717;61.934,08;170888303969
2021-09-04;58.070,16;4562874781216;60.648,20;5679657738919;61.929,69;6946893174749;59.595,80;1293121518791;56.255,27;585713810820;61.341,58;4049327555717;61.934,08;170888303969
2021-09-05;58.070,16;4562874781216;60.648,20;5679657738919;61.929,69;6946893174749;59.595,80;1293121518791;56.255,27;585713810820;61.341,58;4049327555717;61.934,08;170888303969
2021-09-06;58.031,96;4567900382549;60.592,76;5682431333882;61.883,40;6954953429515;59.549,64;1296912594389;56.198,57;585854402216;61.287,59;4051572760992;61.856,29;171057909440
2021-09-07;58.517,56;4613860381437;61.100,83;5738748389634;62.363,71;7022493943878;60.045,89;1310575719058;56.659,29;591853769557;61.767,48;4087146153034;62.403,74;172698979389
2021-09-08;58.876,43;4667608400543;61.459,85;5790311202550;62.761,16;7079257851880;60.361,97;1322249681393;56.993,17;596810380742;62.111,99;4129944594714;62.758,88;174166125845
2021-09-09;59.017,38;4721208101476;61.613,45;5831932851764;62.911,86;7142633805288;60.487,74;1332188079646;57.135,22;600123332192;62.235,29;4153609421901;62.901,88;175462066943
2021-09-10;59.082,06;4744231942912;61.688,40;5857709019094;62.986,99;7180291232959;60.570,58;1341007750733;57.209,13;602499457766;62.282,88;4165974325970;63.001,63;176618650604
2021-09-11;59.082,06;4744231942912;61.688,40;5857709019094;62.986,99;7180291232959;60.570,58;1341007750733;57.209,13;602499457766;62.282,88;4165974325970;63.001,63;176618650604
2021-09-12;59.082,06;4744231942912;61.688,40;5857709019094;62.986,99;7180291232959;60.570,58;1341007750733;57.209,13;602499457766;62.282,88;4165974325970;63.001,63;176618650604
2021-09-13;59.228,75;4758381402426;61.830,67;5881891635605;63.149,32;7215486333479;60.690,47;1347772657427;57.330,78;604879605073;62.445,66;4183172041535;63.122,97;177207883189
2021-09-14;58.821,96;4728806414992;61.404,99;5850601374007;62.684,87;7177375665861;60.301,31;1343479033746;56.949,77;602550319533;62.031,09;4154731286066;62.692,19;176920788785
2021-09-15;58.574,02;4726038543024;61.138,75;5842322390464;62.444,06;7168141276007;60.020,65;1335610083760;56.727,64;604807127575;61.788,13;4146747974288;62.420,56;172521318459
2021-09-16;58.512,41;4725463222909;61.065,09;5837078604582;62.368,21;7163896807434;59.976,92;1335173674736;56.673,85;604979959399;61.714,04;4141950470763;62.324,53;172701481706
2021-09-17;58.512,41;4725463222909;61.065,09;5837078604582;62.368,21;7163896807434;59.976,92;1335173674736;56.673,85;604979959399;61.714,04;4141950470763;62.324,53;172701481706
2021-09-18;58.512,41;4725463222909;61.065,09;5837078604582;62.368,21;7163896807434;59.976,92;1335173674736;56.673,85;604979959399;61.714,04;4141950470763;62.324,53;172701481706
2021-09-19;58.512,41;4725463222909;61.065,09;5837078604582;62.368,21;7163896807434;59.976,92;1335173674736;56.673,85;604979959399;61.714,04;4141950470763;62.324,53;172701481706
2021-09-20;58.073,35;4696149275398;60.601,25;5797483387903;61.892,62;7119125693952;59.490,84;1325787067413;56.247,78;601188762413;61.240,52;4114523114441;61.840,48;171624834544
2021-09-21;57.611,87;4665662270762;60.111,74;5752921508492;61.415,14;7072082253864;58.996,76;1315609425380;55.799,19;596832797530;60.765,04;4084863324564;61.346,31;170514290333
2021-09-22;57.515,87;4661389481137;60.019,64;5747978031207;61.328,10;7067568918347;58.911,94;1314868901318;55.684,78;595830930322;60.676,60;4081610762607;61.242,55;170277037054
2021-09-23;57.806,06;4683974541400;60.360,59;5780478105993;61.629,15;7100379735454;59.249,51;1322150618520;55.989,25;599011001239;60.986,33;4102801852253;61.572,59;170734492021
2021-09-24;58.336,16;4669177029033;60.949,03;5789152770242;62.218,17;7059687243964;59.834,26;1323966119212;56.543,59;601677047314;61.558,01;4127813951913;62.172,09;168508061225
2021-09-25;58.336,16;4669177029033;60.949,03;5789152770242;62.218,17;7059687243964;59.834,26;1323966119212;56.543,59;601677047314;61.558,01;4127813951913;62.172,09;168508061225
2021-09-26;58.336,16;4669177029033;60.949,03;5789152770242;62.218,17;7059687243964;59.834,26;1323966119212;56.543,59;601677047314;61.558,01;4127813951913;62.172,09;168508061225
2021-09-27;58.258,51;4625753845128;60.848,56;5760317812960;62.113,72;7004108990667;59.739,08;1316242672668;56.462,52;599084879878;61.442,85;4110168028089;62.059,73;166758660319
2021-09-28;58.647,29;4647338094652;61.256,44;5792004156900;62.468,92;7036332461182;60.147,16;1323739874465;56.839,63;602736235884;61.833,84;4135632275335;62.486,25;167078806889
2021-09-29;58.119,56;4587889163285;60.673,38;5728026804522;61.854,02;6958350008274;59.554,02;1310159208385;56.320,42;596691321931;61.249,43;4094580791659;61.880,20;164853889050
2021-09-30;58.221,11;4565798795291;60.813,84;5720118900338;61.975,02;6948355175180;59.705,57;1310641335966;56.455,51;596855893140;61.359,45;4079010571907;62.034,84;164344409802
