Fecha,FONDO A,FONDO B,FONDO C,FONDO D,FONDO E
28-09-2018,0.002147250540307004,0.0015185755152118546,0.0006064705018554033,-0.0004937066971164019,-0.0005565299266876773
01-10-2018,0.003565722760852368,0.002445438194591266,0.001144833262868383,-0.00010096274740438883,-0.0009918647366646883
02-10-2018,0.004509614096984385,0.0034341228336779964,0.0019325607234079775,0.00031385391965650823,-0.0007743019804826751
03-10-2018,-0.0010480709630777641,-0.0010371057273419581,-0.001380165559127001,-0.001703467067796053,-0.0008463080242670138
04-10-2018,-0.0021001452998164823,-0.0017088226513450812,-0.001278965490745508,-0.0010294775476763034,-0.00019112204264065338
05-10-2018,-0.0013337219056156876,-0.0005481745106546001,-0.0002936894942962083,0.0006577421458072218,0.001238626103962824
08-10-2018,0.003288686333195436,0.0029325569733186364,0.0023310134329171,0.0013903819237494075,0.0009516007416351656
09-10-2018,-0.007720655845295059,-0.005449921208045375,-0.004322719251192701,-0.0032655696552616213,-0.0005405968515310562
10-10-2018,-0.0001007842684585872,-0.0001922059037790978,0.00019022854239377686,0.0004014842474568035,0.0004437589637168877
11-10-2018,0.010465278319288849,0.0076864052097474975,0.00475220442561293,0.0036415374108505804,0.0020991732998468485
12-10-2018,0.015912260871505927,0.012792408966299218,0.009748138762933761,0.006025610140076122,0.0034217864796244487
15-10-2018,0.0,0.0,0.0,0.0,0.0
16-10-2018,-0.0005112783371910777,-0.001276848158023762,-0.00016579518546303612,0.0004715904093347341,0.000219920376043206
17-10-2018,0.00011334678212072605,0.00080173581592774,0.0013813648572240538,0.0006930619916914932,0.0009210535657039513
18-10-2018,-0.0009718352036677234,-0.00034149284652811496,-0.0006721500770194783,-0.0003161476656185215,0.0009220583021396229
19-10-2018,0.00511868165340921,0.003723063880962518,0.0017477627534636454,0.0008077355123323946,-0.00037044980980484483
22-10-2018,-0.0011045061209148733,-0.0010281443395638967,-0.001021244378836511,-0.0013144645774166835,-0.0014487412477246458
23-10-2018,-0.006168181014434697,-0.005031110828141999,-0.004140056890108316,-0.0024855641296738008,-0.0008597024983971788
24-10-2018,0.005556585071997006,0.0037192874811208107,0.0017435172864248096,-9.364140926395278e-06,-0.0012925869914269224
25-10-2018,0.006015533886220836,0.0036955296580936593,0.0013795087460788365,0.0010583799570139652,0.00021066424653797837
26-10-2018,6.47887517949846e-05,0.00021873143549187043,0.0013448906900121013,0.0004358249462370288,-7.580703686713767e-05
29-10-2018,0.0025922392411257622,0.0015500766315504166,0.0001893820717481555,-0.0005308535292255003,-0.0003385036281193519
30-10-2018,0.005187329270132108,0.004302231520857342,0.0031292631818822737,0.002244956749124598,0.0010521544552092312
31-10-2018,-0.0034871687724411684,-0.002019777599877566,-5.257546771464151e-05,-0.0003008926883591666,0.00048613858203185864
01-11-2018,0.0,0.0,0.0,0.0,0.0
02-11-2018,0.0,0.0,0.0,0.0,0.0
05-11-2018,-0.032355855988767994,-0.025045338830082316,-0.017811734448929195,-0.009365182680778256,-0.0027315959085953403
06-11-2018,0.011496418102885441,0.007588758420617013,0.004208204806791318,0.0009147592702778568,-0.0020217225632467085
07-11-2018,0.0024603003717233586,0.0016675674018115706,0.000749685722639941,-0.0001130260972680813,-0.0006689352860011881
08-11-2018,-0.0029343215250911122,-0.0019941890030225097,-0.0005322534994021597,-0.00022729790088086595,-7.99581624744128e-05
09-11-2018,0.003531401427430512,0.002034651068958593,0.0012813211825261142,0.0010344944241377418,0.00019357766785465917
12-11-2018,0.004608255777938862,0.004086944641103505,0.0029715045449012194,0.001638880679680235,0.0008520944825238983
13-11-2018,0.003647407169104988,0.002849420595990844,0.001428400150606656,0.0006004585880901471,-0.0001237586189375495
14-11-2018,-0.0020344915868193347,-0.001212303220963405,-0.00020576272705854118,0.0007368189248945019,0.0005000727187675952
15-11-2018,0.002357049112374248,0.00159192829926654,0.0008763002087763075,0.00028269335067539577,0.00010805226679531124
16-11-2018,0.0020263269876909435,0.001664337371496094,0.0011949817996482967,0.0006998243952208281,-9.259486129878697e-05
19-11-2018,0.0031460413228749976,0.0018092975157171258,0.0009947741835988851,3.548801505582686e-05,-0.0009001501475970253
20-11-2018,0.004171314536871167,0.0029605646060635224,0.001211756965629161,0.0006176931520153981,0.00026118567167426134
21-11-2018,0.01278605189223057,0.008748267354173299,0.00537233155347783,0.002112849803583422,-0.0006229641712933446
22-11-2018,-0.00023156565715055376,-0.00019995423336393364,0.00017703066420823114,2.749840388115551e-05,-0.00022243728529603793
23-11-2018,0.00046191216931666033,0.0005516374132264821,0.00024425001531594036,0.00013944472228351762,0.0004952645065292373
26-11-2018,-0.0031086357785718387,-0.0024550315407811905,-0.0018769038731897814,-0.0007342120488310614,-8.168613150839558e-05
27-11-2018,-0.006574726128731143,-0.004252808780344457,-0.002022497567615552,-0.00021498649951427854,0.00012168234191139892
28-11-2018,-0.0007026156845325043,-0.0005093334215995625,-0.0007857398238376044,-0.0012686103700297073,-0.0009981914687543737
29-11-2018,-0.0040593423883144185,-0.002267053598658214,-0.0011508001249131373,-0.0007587169302720021,-0.00016120389883005442
30-11-2018,-0.0009494759661530793,-0.0012250659791854662,-0.0017215420573840573,-0.0015562941171166022,-0.0012404773921032737
03-12-2018,-0.0011323735757619703,-0.0011228043207687569,-0.0008341971673068678,-0.0010938866738778872,-0.0007664550859029827
04-12-2018,-0.006940273008236418,-0.0051959251215268065,-0.0038115456140134173,-0.002119979504207092,-0.0013683633350878332
05-12-2018,0.006052557448367885,0.0032634365165625664,0.0011479657091945047,0.0004961659640419952,0.0004596043040144499
06-12-2018,0.0011964858789015854,0.001485036985410362,0.0008664823926248054,0.0003559781066077367,-5.367496243464208e-05
07-12-2018,0.005912285253517491,0.004526283023858671,0.002615581056191925,0.0005123425157071865,-0.0008920588680138679
10-12-2018,0.006250365487338513,0.0037011382082340967,0.0014743259302247504,0.0004627480660583548,-0.0005576128661495913
11-12-2018,0.008717076408552096,0.007026096330652381,0.005072385010548495,0.0026136067605972836,0.0007895054417626076
12-12-2018,-0.005307945258373136,-0.00416158309505598,-0.002608213437060945,-0.001604401539838005,-0.0008480137247322954
13-12-2018,-0.008480198896344299,-0.006458676512807109,-0.004343401267370014,-0.0021671198824112243,-0.0005865828067012401
14-12-2018,-0.005766770770847484,-0.004680187596791299,-0.0034636882360515923,-0.0014739020759411067,-6.445740447526923e-06
17-12-2018,0.002582735238694925,0.0018833049097287866,0.0010664076257430343,0.000790455397038398,0.0004545265185327793
18-12-2018,0.007038920603740218,0.005431025312744067,0.00307780280860177,0.001737473607399396,0.0004810007118850681
19-12-2018,-0.001069777449392854,-0.0010054979947635482,-0.001192391095026496,-0.0011054301397948648,-0.0009267794297415151
20-12-2018,0.001848470778577839,0.0009855937507633008,-0.0003494088477138575,-0.0006095690972150454,-0.0011129649744307506
21-12-2018,0.00722044629800387,0.005051224045618387,0.002620968683233856,0.0007294069339546182,-0.00039896068436801567
24-12-2018,0.0031419658951311784,0.001848264865218024,0.00047175866670117335,-0.00022327879051884595,-0.0008003533929831625
25-12-2018,0.0,0.0,0.0,0.0,0.0
26-12-2018,0.003487901699007405,0.002236050770169736,0.001016617836967279,0.000759672850209135,0.00043203468098683385
27-12-2018,-0.0065772845007139565,-0.004583200792985362,-0.0027611596156546154,-0.002754759445559533,-0.0024580077431893463
28-12-2018,-0.004799941376396257,-0.003357659232745218,-0.0027035116598648126,-0.0022051382294922886,-0.0014345876051920347
31-12-2018,-0.006186059830579733,-0.004868512682035247,-0.003816238109514715,-0.0023486935711072524,-0.0009532170957477228
01-01-2019,0.0,0.0,0.0,0.0,0.0
02-01-2019,-0.002022301996475189,-0.001814271987020904,-0.001165285128747409,-0.0009218657300008025,-0.0007599397686431002
03-01-2019,-0.001942780482882081,-0.0014489415565377276,-0.0018100727838438388,-0.0026329995232323407,-0.0015283395288327585
04-01-2019,0.0032753050017742414,0.0016114396167481457,-0.0006922636223745586,-0.0015865113351617366,-0.0014426317121184818
07-01-2019,-0.004437204922841977,-0.0031383296039832523,-0.0018401304488640986,-0.001913933246427852,-0.001633441039652506
08-01-2019,2.5872321101516323e-05,0.0004118057245452938,0.000798062346039823,0.0016215629193935025,0.00171621600274898
09-01-2019,-0.004497240543408303,-0.0037556218624890127,-0.0031341540672638886,-0.003072491125006292,-0.0021909974901573653
10-01-2019,-0.009175623168252446,-0.006631749274018649,-0.0036915453966928184,-0.0010471468421843772,0.0010215444859489624
11-01-2019,-0.0016740843239299924,-0.001599403751005613,-0.0006928453752733566,-2.84487332491061e-06,0.00027736330248638244
14-01-2019,0.00015560484860492905,-0.00028230105345991097,-0.0004643939865141512,6.132461809172965e-05,-0.00015174000290107565
15-01-2019,0.0038649786101549156,0.0027695581340396215,0.0014834733154137076,0.0002190923672779841,-0.0004305127734463421
16-01-2019,-0.00377986810004406,-0.00334096025933298,-0.0021423767390671236,-0.0012813099108365746,-0.0007281730902420983
17-01-2019,-0.00268417002157632,-0.002218330455897736,-0.0015155902596374986,-0.0005915973774798412,-0.00012153794923772187
18-01-2019,-0.0010900917422330609,-0.00041375269144651537,0.0003517858013718805,0.0009683943330725656,0.0012447199763081303
21-01-2019,-0.005489089709906552,-0.003953065886376763,-0.0019984001369838826,-0.0006596961437022312,0.00033673025531414145
22-01-2019,-0.002660920254125059,-0.0016709492313603603,-0.0002858050706305183,0.001122911892978415,0.0016713675067697314
23-01-2019,0.007652957705277411,0.005683960842571892,0.003393379542868345,0.001980406022957167,0.0005136827837471822
24-01-2019,-0.0008963857540994632,-0.0006017244486129286,-0.0009780471964425663,-0.0015900133446104306,-0.0011617205166278355
25-01-2019,-0.0025051227962033223,-0.002291011031814008,-0.0022393428599241727,-0.002003452621311284,-0.001238067212668866
28-01-2019,-0.002440569977724221,-0.0025046912162304843,-0.0026332496229316783,-0.002304544266841313,-0.001981904595366946
29-01-2019,-0.0005585409713542984,-0.0006690782730172013,-0.0011064355488557627,-0.00043245544085394774,-0.00013946759592955332
30-01-2019,0.0012570949000794255,0.0009868592778404424,0.00046315965717327743,-0.0004275504241926203,-0.0006869082346997687
31-01-2019,1.8138028435917563e-05,0.0001510015137949999,0.0005969462005837018,-5.598644500433421e-05,-0.000157961510071377
01-02-2019,0.001185567705426456,0.00010695080837329061,-0.0009513430462006209,-0.0017274333815443257,-0.0019896296171494467
04-02-2019,0.0009685777703230784,-0.00027810204535891076,-0.0010201826509156767,-0.001400307116598288,-0.0011283263676140558
05-02-2019,-0.00022350677306283507,-0.00031025447696925385,-0.0006933201452263651,-0.0010557573359475912,-0.001197557006536404
06-02-2019,-0.001504790729859182,-0.0012172552173103587,-0.0014767093950011692,-0.001285208821419808,-0.0007553283304092581
07-02-2019,0.001633730848404801,0.0011605870909542507,0.0005999627895376292,0.0007319220821944088,0.00010552495400213371
08-02-2019,0.004430891001289421,0.003132840456988306,0.002324277098051413,0.0016378901325462163,0.0005137840912836818
11-02-2019,0.003377686137581865,0.0026633731740838204,0.0015859531818081718,0.0002502431102912251,-0.0007063098331647241
12-02-2019,-0.004756812393598417,-0.004106877159890132,-0.00374338179155786,-0.0030166152666038504,-0.0021611490672898883
13-02-2019,-0.005324567155037751,-0.003364027024107415,-0.0016302282539889072,-0.0005292312875137307,0.000724773911741375
14-02-2019,-0.0031552906980974365,-0.0024095693850272326,-0.0015888386999395542,-0.0004692903896909898,8.236659059443149e-05
15-02-2019,-0.005161862978658776,-0.003794302000427527,-0.0033175616040776582,-0.002770008833446979,-0.0013179527048273524
18-02-2019,0.0013110268559028938,0.0015231454612451524,0.0018950216536435338,0.0012333907227126501,0.0006323224168961332
19-02-2019,0.001312016902540756,0.0006713789801979747,0.0001537181866067471,0.0003378347321552245,0.0002985061868304502
20-02-2019,0.0009461191843149906,0.0006242661836450621,-0.00021614349407645747,-0.0008863001108153203,-0.0012478153591262322
21-02-2019,0.00012439555362927826,-0.0005142398466472273,-8.61635012324877e-05,0.00033640216182032653,2.1759609588327366e-05
22-02-2019,0.0007403516105288144,0.0003907981641353607,0.0003859426780684898,0.0003040752183884106,-3.406483438705438e-05
25-02-2019,-0.002522608070359892,-0.0020964471777449563,-0.0013690849183896471,-0.000781053095658324,-0.0004185875746312032
26-02-2019,-0.0021710659978698074,-0.0023272276441692885,-0.001741535777667973,-0.0008483335646457526,-0.0002327728946476222
27-02-2019,0.0013021712065151246,0.0010735959786379314,0.0005391200199745003,0.00024324205335882358,0.00031407619560648375
28-02-2019,0.003577042670789351,0.003225049556071503,0.0031559964820801886,0.0018965750581520734,0.0014037487690209747
01-03-2019,0.0029483507744577017,0.002263899909037854,0.001870483956486163,0.0008682676826680421,0.00012334062000095186
04-03-2019,-0.006871280890792212,-0.004932536309868679,-0.0027919058924786187,-0.0006379270803107385,0.00039205677556342696
05-03-2019,-0.0017269165935533035,-0.0010137771493403806,-0.0002529710712608675,0.0005701494751610239,0.00118341349233448
06-03-2019,0.002590399182485538,0.0012845045870877316,0.0009140355904957858,-4.965901590906324e-05,-0.0007791741299265506
07-03-2019,0.0006920053211391505,0.00021535525704654518,-0.00045769677162440934,-0.0003050833561659331,-0.0006739921224909233
08-03-2019,0.0025557026425453732,0.001542157332754285,5.477465497646812e-05,-0.0009196829162336827,-0.0015370279625630781
11-03-2019,-0.003649494079920575,-0.0027361548804170272,-0.002628351968163112,-0.0025004281137073836,-0.001852192548629971
12-03-2019,-0.008888893587518138,-0.006765633763409251,-0.004661903527130957,-0.0029140431323840753,-0.0013805035170773013
13-03-2019,-0.0018869616634894085,-0.0015727345247004707,-0.0009802297071287009,-0.00033066803619268334,0.0003178332682417979
14-03-2019,-0.00045723032329815624,-0.00047038837471788636,-0.0007517829882386274,-0.0012998981810300586,-0.0012902989367717236
15-03-2019,-0.003974379259183709,-0.00308687153195693,-0.002470481994260329,-0.0015397753237478148,-0.0007180548073206851
18-03-2019,-0.003741413260071338,-0.003161823535077173,-0.0026657093786738644,-0.0020106700776806818,-0.0012783184753317484
19-03-2019,-0.0028277326225622417,-0.002513490767458407,-0.0020174633948008606,-0.0013540266002077064,-0.0006605996672519605
20-03-2019,0.0007051713690672876,0.00011694301552853935,-0.0007166139957730821,-0.0013488097853188502,-0.0014822263262540705
21-03-2019,0.001685040487850264,0.0009415362236142779,-0.00044696429341319755,-0.0012907379361072721,-0.0013686046363214884
22-03-2019,0.0015800825044808254,0.0004893101034859674,-0.0006785368427402754,-0.001954465641106668,-0.002695595996548521
25-03-2019,-0.001951335679070471,-0.002002350616448271,-0.0036923228252568265,-0.003327060265186429,-0.0027835157768201745
26-03-2019,0.003937859413330579,0.002916912541759518,0.0016306866231795098,-7.216472151221607e-05,-0.0012229106217292885
27-03-2019,-0.004725004077907918,-0.003612738944686487,-0.0026106196797750984,-0.0014901377017303215,-0.0001208659760871466
28-03-2019,-0.0009241813439729376,-0.0012503291968452746,-0.001969073682391608,-0.001582423383856712,-0.0020161142598642033
29-03-2019,0.001883574159872928,0.0010925155942395777,0.0009555595763546301,0.00038538395267460483,-0.00022397467074122327
01-04-2019,-0.004396626532403219,-0.003698084308300093,-0.002135568438220179,-0.0008196775489768807,-0.00015444114383976004
02-04-2019,-0.003462862618195497,-0.0025582957894581563,-0.0015804581520023314,-0.0007410635255115137,0.0002027365017672369
03-04-2019,0.0028641916687806167,0.0023511217904072616,0.0015677667450551718,0.0006109645480368913,-0.00017005409307079128
04-04-2019,-0.0016775029071395735,-0.0016446766964809993,-0.0006327485709793931,-0.00019679204658085036,4.1811485562252776e-05
05-04-2019,-0.00012560456098528042,-1.5848541979939025e-05,0.00025904640103644887,5.6962136187062666e-05,0.0002861022432303864
08-04-2019,-0.0012530485635703047,-0.0013417980078617466,-0.0014462193821087972,-0.0017217467941636525,-0.0014939558061980232
09-04-2019,-7.668076428912762e-05,-0.0008711523738331194,-0.0016638689104517838,-0.0022687101158660092,-0.002286934308760518
10-04-2019,-8.779698786242715e-05,-0.0013432350456574775,-0.0027225038923144825,-0.0031565022989566713,-0.0032964831950230643
11-04-2019,-0.0010948032239474922,-0.001086996706445695,-0.0013947202709794534,-0.0017765227835265078,-0.0018863434340119247
12-04-2019,0.002088945113915239,0.0017217321374848923,0.0015070052632684132,0.0011591111517374943,0.0006628533860680171
15-04-2019,0.0017930888041891577,0.0014919577703499725,0.0018096747500368352,0.0017661702304391886,0.0007252618324537393
16-04-2019,-0.0023687650887391568,-0.001805102833278602,-0.0016298441045057145,-0.0012993672028598431,-0.0004297562970971432
17-04-2019,-0.0034367348624144336,-0.0024752872020525865,-0.0012321931256291448,-0.00014846941217193816,0.0004364795560653384
18-04-2019,0.0035295405512804556,0.0021609457189728527,0.0010470447346018579,0.0003595697842266208,-0.00044393034851206815
19-04-2019,0.0,0.0,0.0,0.0,0.0
22-04-2019,-0.0010641441832098416,-0.0009613129868181047,-0.001353126915980382,-0.001931810695956463,-0.0018113778718859552
23-04-2019,-0.0006934385929247454,-0.0003061839879353175,-0.00024339074169658356,1.1773554694497068e-05,0.0002699659802382246
24-04-2019,-0.004000153933127947,-0.0025206418060789546,-0.0016273796117439706,-0.00127194967243593,-0.0003984331073029006
25-04-2019,-0.0014356207360697573,-0.0011073715829318061,-0.0006367339498497132,0.00020444064447710405,0.00010469727696012136
26-04-2019,-0.0009945278298960233,2.730866416498602e-05,0.0003003863646686618,0.0005734407794488398,0.0010967720301889754
29-04-2019,-0.00032988108966436596,-0.0003716945023121244,-0.0004590446285286824,-0.0004383302192975948,-0.0002082997456916709
30-04-2019,-0.005207304880457896,-0.003912046262510672,-0.002088295052392867,-0.00046918954399195604,0.0006990777364767295
01-05-2019,0.0,0.0,0.0,0.0,0.0
02-05-2019,-0.0008436317280081064,-0.0007557116915804257,-0.0010147641673300882,-0.0005515287733422257,-0.0003046290347292039
03-05-2019,-0.0030666934395971275,-0.0018981698814113724,-0.0008665253357091706,-0.00014370917625887967,-1.0220888736205746e-06
06-05-2019,0.0006559749275374276,0.0004852116741512634,0.0006361968993565567,-8.886640959504462e-05,-0.0008594988537514279
07-05-2019,0.005619329280737582,0.004239479779791137,0.0026082900442594404,0.0006870373503272967,-0.00018321751003803378
08-05-2019,0.00668342980691338,0.00530310648396336,0.0029218197884715593,0.0017003364040169265,0.0007431433406982601
09-05-2019,0.0018589279688555579,0.0011620583857260916,0.0010310333526556002,-3.6233185918640147e-05,-0.0004000206995824834
10-05-2019,0.001494174204650773,0.0011165267422261315,0.00030983879299763137,-4.015691390105394e-05,-0.00010534183800899483
13-05-2019,0.0027882839182943615,0.001814002430170562,0.0013645808586234933,0.0003385159114420341,-0.0005765572400782127
14-05-2019,0.0064033847396085366,0.004421342426965195,0.0015983765694193844,0.00017428525344690836,-0.0008246587709479773
15-05-2019,-0.0019000779574903726,-0.0011537062689338925,7.674372058188219e-05,3.7458682171903966e-05,0.00016755851546817354
16-05-2019,-0.0022173533088398253,-0.001937906219735631,-0.0016138485978691134,-0.0009094868065900084,-0.0005184661995406317
17-05-2019,-0.0005174675094561271,-0.0002730491776970282,0.00024314327423799326,0.00036586934525704415,-7.310847480488087e-05
20-05-2019,0.0019784173342032173,0.0014778494927384866,0.00022202510138838463,-0.00018687573859366561,-0.0003852603459694577
21-05-2019,0.0,0.0,0.0,0.0,0.0
22-05-2019,-0.002613362715566334,-0.0016362929446021059,-0.0011838532726509462,-0.001576637263790509,-0.0006967607022476582
23-05-2019,0.0005413641511243751,0.0002181909433958086,-0.0003120364659033221,-0.0006508027700809312,-0.0007013635139760104
24-05-2019,0.006164872951531808,0.004561725053335871,0.0014717407265171475,-0.0008905516318183051,-0.0019405446177164858
27-05-2019,0.0005495508414857044,-8.3509159259078e-06,-0.0003011325429402752,-0.0005114526389022937,-0.0006916843761407138
28-05-2019,-0.0018110124077350784,-0.0018172740370780802,-0.0024314900669317125,-0.002775929842710109,-0.002275886207939157
29-05-2019,-0.006199346957866085,-0.005080716563810951,-0.005419484007333254,-0.005003720437756359,-0.002986770481638345
30-05-2019,-0.0026173625646009513,-0.003053552059470712,-0.00442903473110092,-0.005237727334902709,-0.0049052063453370815
31-05-2019,-0.0021380257185156797,-0.001995808227605922,-0.0011097890388951494,0.00013390527632032418,0.000542511938268118
03-06-2019,-0.0010306304344670156,-0.001923632137488824,-0.0027944339356277964,-0.00314929516827176,-0.0027574522877874294
04-06-2019,0.001420697149792578,0.00039205162815544474,0.0001575189249817255,-0.00037584139343914234,-0.0012076189937431678
05-06-2019,0.0020226627312698174,0.001470983895685672,0.0013120376011548718,0.00011688041741080794,-0.000833662393015347
06-06-2019,0.003608669264713603,0.0022088611976868715,-0.0003251829457150837,-0.0019865882309638943,-0.0026912511386656597
07-06-2019,0.0009069394553531414,0.0006341060048373299,-6.085332831480762e-05,-0.0010068628986003773,-0.0010396219664372975
10-06-2019,-0.004234201687791073,-0.003995151060900404,-0.004421150988586293,-0.004726739790136863,-0.0037950202730068316
11-06-2019,-0.012878176833969709,-0.01236842282469005,-0.014232857099123463,-0.014034597825162937,-0.01120697907172667
12-06-2019,-0.003974696225186769,-0.004216977706166455,-0.0041964810670062,-0.0036641807755288507,-0.0023963958797919953
13-06-2019,0.0024634626782967144,0.00139269186406209,0.00036610532714267865,-0.000407553268425127,-0.0006603594953823675
14-06-2019,-0.0019889997402461816,-0.0012867998338076943,-0.0007320766702253534,-0.0005578450088023625,-0.00039312710324961546
17-06-2019,0.002249893332611344,0.002256288430948714,0.0022481128435688116,0.0022820674652010787,0.001993372736384053
18-06-2019,0.0007088166957404936,0.0006126327499029746,0.0003795774934863633,0.00016871435082664588,-4.621797925631975e-06
19-06-2019,-0.006190747696313259,-0.0049027210115801185,-0.003743368020893252,-0.002833453590038648,-0.0014501891621797984
20-06-2019,-0.0031101009176717964,-0.0024456548682329263,-0.0020158733465707496,-0.0013341711548960666,-0.0005107459847488758
21-06-2019,0.0007555461471710411,-0.0006464608386427006,-0.0019721070802240525,-0.0029344339021139245,-0.002713215695190323
24-06-2019,0.0014028845546929358,0.0006734478146540958,8.12043903689683e-05,-0.000317232496217008,-0.0003977714814896689
25-06-2019,0.0008091636362421525,0.0004879088761740611,0.000494007003221831,0.0006248088913503202,0.0004596674641953938
26-06-2019,0.0077973036475405145,0.005841061232835511,0.004095079172895124,0.0026602332601318463,0.0011704713665193415
27-06-2019,-0.0023100887139283805,-0.0007048620292302293,0.0014195674426088474,0.002765999241252585,0.003635497155992794
28-06-2019,-0.002368321966094833,-0.0018068244068018332,-0.0012175591026459774,-0.0005194963396575484,-0.00018334960163039388
01-07-2019,-0.0022382301451165476,-0.002094158974427949,-0.002496153888682425,-0.002500245753852253,-0.002112466832605525
02-07-2019,-0.005129343326646497,-0.0034216316307662115,-0.0021331049144789125,-0.0007392846126574135,0.0003721105040582224
03-07-2019,-0.002785663363688516,-0.0024810807158215887,-0.0023858739602314986,-0.001994289442889417,-0.0014596907008618926
04-07-2019,-0.0012699060723376187,-0.0010578544917956138,-0.001235818801429486,-0.001672192302480682,-0.001278551320680358
05-07-2019,0.0005711890868246524,0.00011868303000905228,-0.00029661033433745697,-0.0006667782505154126,-0.0007059624850798347
08-07-2019,-0.0039348322042013426,-0.0022560775567595174,-0.00039805902178565616,0.0008386265741712309,0.0018211856180651222
09-07-2019,0.0014167780819969295,0.0013661726260525853,0.0006778933461006059,-0.00020392340684608604,-0.00040178547359656343
10-07-2019,-0.0006099289079973827,-0.0006147956925364741,-0.0005876915407518493,-0.0007989675394676928,-0.0006435809096191755
11-07-2019,-0.0008256587093336077,-0.001036501910430493,-0.001607182419458635,-0.0022366312779989,-0.002112089116497111
12-07-2019,0.00010712732804287821,-0.0003033097574127586,-0.00046186859604949583,-0.0006399132539404885,-0.0006398636362929499
15-07-2019,0.002525746323796371,0.0019388129326283411,0.001581656653956112,0.0008297968016442328,-4.1716019040825874e-05
16-07-2019,0.0,0.0,0.0,0.0,0.0
17-07-2019,0.0008653559859862787,0.00016121516655947892,-0.0004963574111159645,-0.00041626898543536213,-0.000632062813638162
18-07-2019,0.0004752173333776836,-0.0002537203769373277,-0.0015528432019904224,-0.0023299599575959413,-0.0021169378976919526
19-07-2019,-0.0010155486607484677,-0.0010873599498354247,-0.0016200458490424517,-0.0022512377229205343,-0.00246789108902081
22-07-2019,-0.002703021963675816,-0.0031119761845727974,-0.004896635754412451,-0.0055079696878366025,-0.0051481200406640025
23-07-2019,-0.0015168299700630298,-0.0017324253368141646,-0.002623350007275117,-0.0031833004610547356,-0.0027797056229603625
24-07-2019,-0.004002940098949119,-0.0036800965449100592,-0.0042188907616914585,-0.00448475797406998,-0.003688917430514127
25-07-2019,-0.001741305995116145,-0.0019798263664720654,-0.0029795601255555556,-0.0037662761676745763,-0.0032931674383184445
26-07-2019,-0.001026764725243787,-0.0010698846114884071,-0.0014623935341920677,-0.0009521956646471179,-0.0006912448949561675
29-07-2019,-0.0030585579790766105,-0.0024299786475267073,-0.001559719876493422,-0.001550611881934279,-0.001489170315681152
30-07-2019,0.0005246200539248809,0.00032525349128504857,-0.0006847587976736034,-0.0012549034360372646,-0.0012084304569673367
31-07-2019,0.0001368730724568401,-0.00015955289656927263,-0.00017983020752710698,-0.0006193516704708474,-0.000759753211800724
01-08-2019,0.00327623842248078,0.0016426858709947167,-0.0010771497663524348,-0.0020858883664930617,-0.002289478438938233
02-08-2019,0.0030763552590367276,0.001729141735400328,0.0005087850284329131,-9.076111528040002e-05,-0.000883535161552344
05-08-2019,0.005834441905582572,0.0041411288931030325,0.0013161767127868556,-0.0017932703252545794,-0.0032047826694172883
06-08-2019,0.011223676594557896,0.007319892579883324,0.0010570343598165692,-0.0028481397425425977,-0.004592235941256778
07-08-2019,0.0015711886914068773,0.0010096534857514429,0.0005538664768275951,-0.0006547959478641041,-0.001216636474615176
08-08-2019,-0.002731018400329801,-0.0030959474563266327,-0.0047163657183597165,-0.005285879942721099,-0.004535402075772573
09-08-2019,-0.004156563553310715,-0.003466848458628575,-0.0009212839263007846,0.0003548756434342797,0.0005989035411658418
12-08-2019,0.0003134847718542198,0.0,-0.0007879131863314659,-0.0007595877720632469,-0.0008459168466438077
13-08-2019,0.00671724545955532,0.004839276295262447,0.0027890020278266356,0.0015164538113066463,-0.0002748323373283138
14-08-2019,0.006362000901803302,0.004862053720607593,0.004518360527895806,0.0024236784071298067,0.0005417321336533699
15-08-2019,0.0,0.0,0.0,0.0,0.0
16-08-2019,0.010475903776927318,0.007056797649443814,0.002809021227286644,0.000821887677600946,-0.0012999310116885811
19-08-2019,-0.006248358803547412,-0.005113054709926642,-0.0033816603783572673,-0.002552231542854798,-0.0019644270949652396
20-08-2019,-0.006765147092780965,-0.005047149033972736,-0.0033689946251969738,-0.0016861574732469837,-0.001296361535464198
21-08-2019,0.002060989000426762,0.0016777948058811078,0.0004983604966034815,0.00015464299130690766,0.0002362536716345767
22-08-2019,-0.003212786007961159,-0.0031040030744145766,-0.0030431603383920956,-0.0030162998111463615,-0.002023885720362041
23-08-2019,0.0005811040041989529,0.0008836182647403689,0.00042941907922613884,0.0003889719383877864,0.0003848136225078739
26-08-2019,0.006745521306836935,0.004373921772698901,0.0012810677038351934,1.0959147312817235e-05,-0.0006839665684054253
27-08-2019,0.0008350151728762529,0.0010642635428280123,0.0014995413831277457,0.0009070116399410329,0.0004256833807472356
28-08-2019,-0.0018936583404255364,-0.0018936186296042467,-0.001883550236295243,-0.0014148419336456957,-0.0012802160803871852
29-08-2019,-0.002879800819442164,-0.001974187370285858,-0.0013605290007514341,-0.0012957976242276017,-0.000790004929954378
30-08-2019,-0.004530726678943747,-0.0037287914065920317,-0.0020606908811481735,-0.0008173903942350463,-0.00044875092569327804
02-09-2019,-0.0063745195035999624,-0.004742332881190262,-0.0025255923276761003,-0.0001795176880975261,0.0010677514813734366
03-09-2019,-0.0028187170711207344,-0.0019017408409196092,-0.0009917291296902663,-0.00023684845784281401,0.00031779210133515935
04-09-2019,0.0036567258205278848,0.0025891280604349864,-0.00020406085751213405,-0.0017493557636568322,-0.0022097359486643333
05-09-2019,-0.007963462769111647,-0.007357777206285668,-0.007695811402127648,-0.007702956785016382,-0.006032695870458586
06-09-2019,-0.0033997182274975953,-0.002602498091612754,-0.0010255859094268909,0.00027061614861342744,0.0006876005883445062
09-09-2019,0.0022360931677768447,0.0017631673109143548,0.0014076844500910202,0.0007361757883729835,0.0002987954960396833
10-09-2019,-0.003984030648604111,-0.002888249585005423,-0.0009925175033007622,0.0005933420693465424,0.0010176526687610962
11-09-2019,-0.0008680231473473006,-0.00011115707751145081,0.0007852171704691563,0.0011627788467379638,0.0008602784468369361
12-09-2019,-0.005723772706491274,-0.0031818334489671337,0.00032459277601153635,0.0030516668025663087,0.004133874019519382
13-09-2019,-0.0025974373749475775,-0.0024595827871955957,-0.0019408782038120265,-0.0013411085722725596,-0.0006567772870248413
16-09-2019,0.0018121141522824261,0.00208795103338387,0.0034044998598726757,0.004288558427325593,0.0034640164095801106
17-09-2019,-0.00042603424088364023,6.287048461222471e-05,0.0007153172147450758,0.001525922535240527,0.0014396024557678836
18-09-2019,0.0,0.0,0.0,0.0,0.0
19-09-2019,0.0,0.0,0.0,0.0,0.0
20-09-2019,0.0,0.0,0.0,0.0,0.0
23-09-2019,-0.00678318322357327,-0.005324799736219758,-0.004232236025715407,-0.002095429479611328,-0.0005934347323899057
24-09-2019,-0.004710696694732951,-0.003625055696103632,-0.002347143259051774,-0.0014516344610842713,-0.0009253846146899484
25-09-2019,0.002824024409665535,0.001840879035043644,-0.00010682987115807945,-0.001306712166468215,-0.0016907190098595236
26-09-2019,-8.755571131611121e-05,-5.535373660486644e-05,0.0004593928937534727,-0.00027228889448529517,-0.0005663804436179677
27-09-2019,-0.00242375532589033,-0.0016143953155493178,-0.00029806974057488867,0.0010980413109535493,0.0013565647084395347
30-09-2019,-0.00406526895069134,-0.002866637529143628,-0.0019649674770286733,-0.0012285831167444061,-0.0010244824623336177
01-10-2019,0.0004585124594417436,0.0008521800866863599,0.0007625095817187825,0.00037399340113192144,0.00017151308153775223
02-10-2019,0.00295472617937834,0.0030165083936604916,0.0015824106002928146,0.0014605933094431404,0.0014746362955700082
03-10-2019,0.009022427115702118,0.006388795208680837,0.0030911176347945307,0.0005360404183456501,-0.0008554876230753779
04-10-2019,0.006143034219219619,0.0032229327573922214,0.0001259405405740776,-0.0031836820459437486,-0.0043237686072514795
07-10-2019,-0.0011274625730210586,-0.0016429793020622389,-0.00178290662291472,-0.0023593055487450003,-0.002217308230518178
08-10-2019,-0.0004429415897993137,-0.0008512808951466883,-0.001661348960327202,-0.0014495141140450374,-0.0013463593952193855
09-10-2019,-0.0013753486139587864,-0.0010437754953934529,-0.001487099510218171,-0.0009393955334684758,-0.0004095220304159354
10-10-2019,-0.004683699657025695,-0.004232115148788995,-0.0035184807064239515,-0.003277987265095483,-0.0025853821786001522
11-10-2019,0.0008264201597574806,0.0009076443273111045,0.0019678633078938136,0.002501325780835141,0.0022949401250702698
14-10-2019,-0.004076615380422016,-0.0026256614468201113,-9.356482555583664e-05,0.0021763365292297204,0.0027765786649281243
15-10-2019,-0.0001223530038907157,-0.0002088489324310233,0.0002561404385121637,0.0009718854406303255,0.0011383327148571246
16-10-2019,-0.007298932966531708,-0.004876642663253301,-0.002963695685289544,-0.0009773017254489024,0.00015818231012541952
17-10-2019,-0.005167842179172546,-0.003370699676912661,-0.0017094373584757262,0.0004859574907216951,0.001367558503690599
18-10-2019,0.0017269299733976037,0.0028550631143471226,0.007176320344507848,0.010090338009287764,0.009349942004563037
21-10-2019,0.003913650189656283,0.003967568227775705,0.00443842971196607,0.004821758930521171,0.0045858353067290995
22-10-2019,-0.007468932983245856,-0.0028457733549251845,0.00047606340082935797,0.0032068702155805,0.005749360351238627
23-10-2019,-0.0031163139907931037,0.00019995030428003707,0.0046472574302813445,0.008144233074422457,0.010424610730254535
24-10-2019,0.0015199081718649734,0.002219607893120098,0.0020374203410955154,0.001522946721075759,0.0023355220345892443
25-10-2019,0.0005013071800340452,-0.0007403358253302383,-0.0019237494667722383,-0.0034084517243677787,-0.004361271486205004
28-10-2019,-0.003962997038486288,-0.0030397151718898822,-0.0020444431346437744,-0.0009948133173049625,-4.932415379654356e-05
29-10-2019,-0.003039146797891167,-0.0016008320383335457,0.0009780884707046409,0.0035364236994055655,0.00436487706511658
30-10-2019,0.0008845544658722037,0.001993441580831754,0.00318601111634829,0.004574911457617061,0.0045134150724394865
31-10-2019,0.0,0.0,0.0,0.0,0.0
01-11-2019,0.0,0.0,0.0,0.0,0.0
04-11-2019,-0.007298526251752577,-0.003189244952043523,-0.0006335569631942915,0.0020329024721635934,0.004095504165403988
05-11-2019,-0.010008073197590834,-0.006740620963443971,-0.0024516622640338628,0.0017117020748366207,0.004270894248536147
06-11-2019,-0.007062921017136536,-0.003810236565309223,-0.001901816411493857,0.0003171996630034021,0.0027643181443151475
07-11-2019,0.007119707500408444,0.005869189639108291,0.0035205523310672024,0.0013254668816611093,-0.0005051495214847374
08-11-2019,3.2512321358037725e-06,-0.00019742997221829057,-0.0010375021570250096,-0.0015884970894037575,-0.0015909730467792921
11-11-2019,-0.0033747191454648255,-0.0038412757073660545,-0.004113145256183344,-0.004442238693165244,-0.005068472615177563
12-11-2019,-0.003722844395937112,-0.0021013377614462632,-0.0016060023832880756,-0.000802213392108937,0.0002619486919024377
13-11-2019,-0.020631752096962164,-0.012084063049540072,-0.0030703961843597176,0.005932069730708617,0.011072065294549238
14-11-2019,-0.002429293614062231,0.0031377572420071727,0.010837615914445,0.016983616353927138,0.017620459282258957
15-11-2019,-0.005918448192403245,0.008549600369258245,0.023277432611166902,0.03764951807559191,0.04242776616334462
18-11-2019,0.0023904212053977515,-0.010218572684395176,-0.023170076689655955,-0.03459835119310218,-0.03988499934400338
19-11-2019,0.006411954916117947,0.002822144370907104,-0.0008780593567887699,-0.0035772554008748265,-0.006296211638124103
20-11-2019,-0.009070784517787858,-0.007879008178377486,-0.006251509324635076,-0.004560667974321624,-0.0016290372984679865
21-11-2019,-0.009515247563195137,-0.00623294961470374,-0.002324196817764564,0.0019437668183493394,0.0038111172095876902
22-11-2019,0.004127643126188125,0.003275483645812887,0.0012813423999934292,-3.3319393299599645e-05,0.000223238127962062
25-11-2019,-0.0017410150637119021,-0.0013328966563690104,-0.001245438215685256,-0.0014248598147089384,-0.001338964441215418
26-11-2019,0.000861197204465954,0.0003121394135563211,-0.0005877829525682735,-0.0013387748332632401,-0.0018321948592552493
27-11-2019,0.00206403486013349,0.0018384895927725338,0.00045380009096188025,-0.0011761645284036097,-0.001969050275617549
28-11-2019,-0.013792324219328366,-0.010137412500679547,-0.0067774862741717306,-0.002831702378311141,0.000322109436649299
29-11-2019,-0.01706022671554922,-0.011955083198010388,-0.006629399681824271,-0.0011045025215101127,0.0026136514857502697
02-12-2019,0.01764607657958524,0.013921119574979742,0.010342869385948212,0.006298448737345489,0.0018981809210985503
03-12-2019,0.00831870850443389,0.007449136572386918,0.0064005774796428135,0.005796863112063035,0.005472893419596486
04-12-2019,0.005330985682551931,0.0043016927655050476,0.004021864001763502,0.0032345171386966203,0.001906965569653899
05-12-2019,-0.0002843994236243163,-0.00016282003391558788,0.0006774420068142203,0.001575211791966458,0.0012247316887990403
06-12-2019,0.0043391093737772165,0.0028875649579915208,0.003620833487143049,0.003687864383004159,0.0017668817870387632
09-12-2019,-0.0010632047762488869,-0.0013065481447103408,-0.0013486938442508944,-0.0021029720322627886,-0.002415363742368702
10-12-2019,0.007299855595718481,0.005224130843457906,0.0028186522128392714,0.0009899981630603586,-0.00035180409721413214
11-12-2019,-0.005968999864825407,-0.004946340050235529,-0.003920507483599182,-0.0027855026963830875,-0.0017153378526473596
12-12-2019,-0.0001058143302448694,-0.0011335715165072659,-0.0031650043306798658,-0.004496730490401485,-0.004303849272803195
13-12-2019,-0.0032286401182306493,-0.0031547241582464765,-0.003936914916609124,-0.0049013307492836505,-0.004816919659523317
16-12-2019,-0.00621139045815004,-0.006363127590611332,-0.007808829958684226,-0.00748141544470288,-0.006503737220066737
17-12-2019,0.0005903259448112378,-0.001165424989722496,-0.005077176169533366,-0.009299138790432043,-0.009153094186461949
18-12-2019,0.0037725044712628446,0.0008875416741734357,-0.004065422348697492,-0.008790198577448777,-0.010211157100822479
19-12-2019,0.005396350144893666,0.0038971765880824022,0.0024669556583897653,0.0002042063178985797,-2.65149316516118e-05
20-12-2019,-0.00018865797515520187,-0.0007966244166322763,-0.0001403692518929216,-0.0006441070394565864,0.00019042853484869485
23-12-2019,0.001411823933600516,0.0012545019757956972,0.0017807378355338594,0.0016774308496233718,0.0011026150689426775
24-12-2019,-0.004897884384550603,-0.003397782983521497,-0.002168636107731065,-0.000398797392329362,0.0009606230640296365
25-12-2019,0.0,0.0,0.0,0.0,0.0
26-12-2019,0.0034542723670453095,0.0026096978886183428,0.0023621470380890165,0.001957742962613526,0.00110530716381149
27-12-2019,0.0038984304699627333,0.0026705618628429855,0.0013071511045274224,-0.0003958042575736662,-0.0011044810162409442
30-12-2019,-0.001087976250320838,-0.0015203401202571543,-0.002787503618079421,-0.002965073861083557,-0.002556960567176711
31-12-2019,0.0006780363890328736,0.00029444994909712653,-0.0006075193993756395,-0.0005449630690943278,-0.000744515956604309
01-01-2020,0.0,0.0,0.0,0.0,0.0
02-01-2020,-0.0039810767375749855,-0.002660741524469718,-0.00149155991287825,-0.0006438156660167792,1.564519551183984e-05
03-01-2020,-0.016109592841796364,-0.012730727958143185,-0.00887394325793934,-0.006199155275449767,-0.003208450605417117
06-01-2020,-0.0029470341159874226,-0.0028784760432150783,-0.0031577483026847455,-0.0019393047597285526,-0.0014703394257694978
07-01-2020,-0.009796120984111313,-0.0073013996092416225,-0.005599084459923541,-0.003190708685612583,-0.0011862050227080133
08-01-2020,-0.004809761109502927,-0.003779500635488719,-0.002695762134184476,-0.0010971429546869826,-0.00011023508188076335
09-01-2020,0.006485160684108368,0.004863818707330443,0.004196724767688105,0.0025971589924140147,0.0010806369479168356
10-01-2020,-0.0038956547843970973,-0.00319602447356507,-0.0015587777984374773,-6.8557566623718316e-06,0.0011064154154243847
13-01-2020,-0.008117979656704745,-0.006025617756331115,-0.0027926464193804563,0.0015739431862727112,0.003116752476266704
14-01-2020,-0.011612977397920715,-0.008581259666081123,-0.00589593505017795,-0.003477475678496559,-0.001298903064034234
15-01-2020,0.006128092543046842,0.004270355851580312,0.002848295625848652,0.0009852859659675087,-0.0005076170392534187
16-01-2020,0.002670133419672689,0.0017122205899724177,0.00042216753216225907,-0.0007846380065179368,-0.0015915640497053069
17-01-2020,-0.004152639345471399,-0.0035146483285829373,-0.0031797582174223735,-0.0027415313528592984,-0.0017969864114519383
20-01-2020,-0.0010483315682470451,-0.0014430293315877982,-0.002290334754158291,-0.003265905781111272,-0.0029443348655425923
21-01-2020,0.002120541476605138,0.0015061699694869563,-7.856179828075469e-05,-0.0017895118528594015,-0.0021607682698494978
22-01-2020,0.01023617527545222,0.0080259793011257,0.005348675683538129,0.003112632742731572,0.001587134048875052
23-01-2020,-0.003682527750082994,-0.002122113930564948,-0.00033310058047602745,0.0008507823498673182,0.0016301015537806298
24-01-2020,0.005839982726374005,0.004805892824789859,0.004511833654705481,0.0030563497900125253,0.001879544918180303
27-01-2020,-0.003093073234033935,-0.0022158312521639036,-0.001129649440544352,0.0009515861786491881,0.0009029299151614208
28-01-2020,0.004257396104010089,0.002494637711565128,0.0005572203659527068,-0.00011554135243334645,-0.0011943141916939942
29-01-2020,-0.0038335809117488002,-0.0030426011204118817,-0.0016657026757720635,-0.00195314618768377,-0.0013992617791302175
30-01-2020,0.0016711899968827769,0.0017026248963937925,0.0012559934481078938,0.0010120636544755516,0.0008562803999229529
31-01-2020,-0.002322875320288235,-0.0013152163071289543,-0.00015188799099667157,0.0007896942848903608,0.000953617599626475
03-02-2020,0.0048811046296779615,0.0033951017230355444,0.0015073165730688123,0.001223807310534507,0.00010712056320437245
04-02-2020,0.010452622872234795,0.007819757088356905,0.005443576949486076,0.002017014712937793,0.00029235424261092835
05-02-2020,-0.005428047060400573,-0.004523207523504096,-0.0029182661418334557,-0.0015507084816578276,-0.0010089566042055162
06-02-2020,-0.0023781199864493143,-0.001834738261771873,-0.0008444915059994746,-0.00039668936248171,0.00011346533509823972
07-02-2020,-0.005658904829330014,-0.004386318948713803,-0.0028564255767923956,-0.0010418278485744138,-3.545930022818899e-05
10-02-2020,-0.0023689810896125774,-0.001975735221970498,-0.002187410224427432,-0.001639849634852899,-0.0016090739524796003
11-02-2020,-0.004242489108573774,-0.0033323696431550084,-0.002371589526001202,-0.001947143203927183,-0.0013209707217081144
12-02-2020,-0.004112054670181236,-0.0025794223611263095,-0.00042332700137019956,0.0012620702655096862,0.00212913588964406
13-02-2020,-0.0015847886009019584,-0.0012199285662195603,-0.0005365811720812199,-0.0002395417962038304,0.00021860148831466923
14-02-2020,-0.00393631045992269,-0.0024468709691946927,-0.000673585286943716,0.0011367627808529493,0.0016041753458639785
17-02-2020,0.002169168035197528,0.0017000385494500218,0.002225318639219659,0.0021831446214716312,0.0014526604796200812
18-02-2020,0.0007597835948778688,0.00037605077511597125,0.0005475594075441161,0.00031571305782293347,0.00023299358853462687
19-02-2020,0.0022178900590008417,0.002557016373823578,0.003837391784017514,0.0044252497013091315,0.0036209674044046123
20-02-2020,-0.0027471892521399683,-0.001141446563506057,0.0016980822462833293,0.004034615669641904,0.004192287182681131
21-02-2020,-0.003306950646942854,-0.0008619388245812136,0.0019753685478844634,0.005605895713856256,0.006610931278921149
24-02-2020,-0.0005149679291174098,0.0009919370124631584,0.002876419279692376,0.0047919263585809195,0.004901327710520401
25-02-2020,0.021600664910016318,0.01612761848886942,0.007863815356468988,0.0012003895789803154,-0.003185495166172913
26-02-2020,0.010264357337908928,0.006748470548438959,0.0029288051443426915,0.00033564011639593646,-0.001765776274421885
27-02-2020,0.00876985586058191,0.00601573980852228,0.00543134504695853,0.004102220819933782,0.0024910681590287623
28-02-2020,0.01653553749845648,0.012654398571434924,0.01007168203843369,0.008644784953020866,0.005734345020397807
02-03-2020,0.013541221892976268,0.011763072103070548,0.009009830313217925,0.005520139290634888,0.0021823303267385825
03-03-2020,-0.014415899406177617,-0.010367354431110897,-0.005932593053327277,-0.003626230484073806,-0.0025831315429543727
04-03-2020,0.0033522478381856494,0.0008167197713481377,-0.003961414265765337,-0.005508400218403448,-0.005030592277864282
05-03-2020,-0.012786068134817316,-0.011746999081136276,-0.011784355064958453,-0.01333526214170893,-0.011107254810377264
06-03-2020,0.0008518891269884565,-0.00026377563751524367,-0.0027386703086260157,-0.0024023183313245954,-0.0021230899416683473
09-03-2020,0.015118679365177265,0.010002817126025732,0.0054850856189016675,0.000553184689946219,-0.004104327067891079
10-03-2020,0.04144773670770751,0.02998812947880146,0.014490715754027916,0.005846008792629039,-0.002672982406145038
11-03-2020,-0.007338924322862494,-0.003571353697919904,0.001904321857796274,0.0017103644109614877,0.0015426198797395352
12-03-2020,0.025017578413465327,0.01803022674074365,0.010218125544742138,0.005440229126960147,0.00016512922833729436
13-03-2020,0.06064669321370626,0.04769542594920296,0.03859328584573441,0.031519305489721004,0.020167488833865568
16-03-2020,-0.0113693820238421,-0.0064903492803441995,-0.0009396681993011458,-0.00180807688663109,-0.0014970457769475744
17-03-2020,0.07001796360699722,0.04763927321530904,0.023091203065119685,0.005543488566408497,-0.005733293465327675
18-03-2020,-0.007433537596915917,-0.002567756773205253,0.0015244050884264454,-0.0006595531817496341,-0.0010056058771757959
19-03-2020,0.04342699475486086,0.0368841784966296,0.03193922378839806,0.030036227430812423,0.021517209921019388
20-03-2020,0.008317029961716129,0.009002642053577401,0.013870811637410588,0.015420870509224825,0.009431196711510546
23-03-2020,0.0010420311459686544,0.002471726264939144,0.0027956522524472146,0.0067072844330101624,0.007256309784724727
24-03-2020,0.022933257486456412,0.01951455580391505,0.017840955061460904,0.0172253899095728,0.011353405112050283
25-03-2020,-0.028839211901809738,-0.01765505148514262,-0.007473219947291851,-0.0023542861844430283,0.0007133227080591291
26-03-2020,-0.024404453119419807,-0.01980796879202658,-0.01759864300427814,-0.0131319108181554,-0.006542617317486168
27-03-2020,-0.02611920767466432,-0.022276048293669047,-0.016269650475278504,-0.01147866405631521,-0.006501811295708074
30-03-2020,0.015684939123500538,0.009969087535177454,0.005337637526458504,0.002458013744529697,0.0003564608128886689
31-03-2020,-0.015402329472636561,-0.009993421757612453,-0.005501241946905138,-0.0026262499826773806,-0.0010493589079329675
01-04-2020,-0.010912098156675917,-0.009854650310242052,-0.0074041746683269115,-0.004083130195047241,-0.00242043975335319
02-04-2020,0.01153307038812356,0.007599007819380282,-0.0003928603140568174,-0.005422787550849806,-0.006658909196724763
03-04-2020,-0.009028777900402442,-0.007733397027325981,-0.004211079512125198,-0.002544730494701337,-0.0012959414373379962
06-04-2020,0.00031651472200198787,0.0023436898298613037,0.003150890502471535,0.005619915859838868,0.004230967837886535
07-04-2020,-0.019970167513666103,-0.015375464179727285,-0.008825472059613305,-0.005889177132949815,-0.002360424212890305
08-04-2020,-0.0051699567099870595,-0.005992570708477586,-0.005242749912437,-0.003057155850168259,-0.0005085319199861417
09-04-2020,-0.017335098270773876,-0.012650317611260935,-0.009964066316767424,-0.008093545482204452,-0.00520840969408677
10-04-2020,0.0,0.0,0.0,0.0,0.0
13-04-2020,-0.0011445202480695896,-0.004727015742397231,-0.006900555572828231,-0.009230195441221398,-0.00779485118674993
14-04-2020,-0.006009744380234535,-0.005241828470284911,-0.005993968180724136,-0.004851024438908359,-0.0018118625167038874
15-04-2020,-0.01747575018598097,-0.013819262700357379,-0.00935473782828191,-0.005359882824951179,-0.0014462912738972729
16-04-2020,0.0016070242023926622,0.0011458391864193266,-0.0009868595299295714,-0.001982904472767439,-0.0015156739624043525
17-04-2020,0.004094520399206523,0.003266580442852196,0.0021992621827569285,0.000811784713895828,0.00019544179540314038
20-04-2020,-0.012099794057481308,-0.00993187271187812,-0.007265573525418191,-0.005342745660303537,-0.0032622208779175678
21-04-2020,0.004418021669723619,0.0022599107595711516,0.000936358917988826,-0.00034477004310143366,-0.0008571377827705364
22-04-2020,0.011267724190961555,0.009933294978039221,0.004916986308346921,0.002182363137140886,-8.133566796659063e-05
23-04-2020,-0.004098014718185734,-0.003616444431146642,-0.002192843076294614,-0.002357452697344908,-0.0017162380644020257
24-04-2020,-0.0025942724166956796,-0.0030684510300614987,-0.003923706269069952,-0.0034959454716016482,-0.0032917018662864117
27-04-2020,0.004148051416221593,0.00314491470940654,0.001361520945338698,-0.000412570935400946,-0.002677900041305996
28-04-2020,-0.011914483319834964,-0.009763532266816026,-0.00834900114037422,-0.006436331959296528,-0.004103759152911767
29-04-2020,-0.003474128560235551,-0.003580769246960491,-0.003261329979961572,-0.0030606586016135523,-0.0016427806412060682
30-04-2020,-0.0027186602186906037,-0.003726841532391575,-0.0019038601609055103,-0.0023664883595191657,-0.0017418349145845425
01-05-2020,0.0,0.0,0.0,0.0,0.0
04-05-2020,0.013031404436018836,0.0068239517422444395,0.0009883126339113187,-0.001476998560525112,-0.003965596649407196
05-05-2020,0.010340670727156926,0.009051369377967274,0.005708318990745226,0.001593224366887142,-0.00043459315803664865
06-05-2020,-0.0028277202715650995,-0.003467910391960077,-0.0032074469183033553,-0.0036299445546117875,-0.003449854753191653
07-05-2020,-0.00523671048348818,-0.004748793191246253,-0.003748208663318988,-0.0026281306014568043,-0.0013982975201751228
08-05-2020,-0.003214331134602785,-0.0027433749387094867,-0.00224233974633864,-0.00192412101138147,-0.0020613602283006322
11-05-2020,0.001282495324066921,0.0008501540129323494,-0.00064354987717372,-0.0028475602106298294,-0.0024650920319691885
12-05-2020,0.0050239268534349605,0.002922040553118055,-0.0010893568805545257,-0.004291263826925157,-0.0045099549774320355
13-05-2020,0.009931095200501413,0.004386987379025169,-0.0006090065225363849,-0.003723283138895426,-0.004408588640534146
14-05-2020,0.01457566604534053,0.009701976207734159,0.0051204521042568065,0.0011930996299740267,-0.0006922357006357225
15-05-2020,0.0013911692576288749,0.0007468363318773399,0.0013455538487182493,1.343257017684447e-05,-0.0008152679252399888
18-05-2020,-0.00573057751228031,-0.003949956427914958,-0.0033335403367128562,-0.0029396663469459885,-0.0022359317537178607
19-05-2020,-0.01613956923212491,-0.014586759339136255,-0.011352669096950416,-0.009569844309359936,-0.006640993130917275
20-05-2020,-0.0008865265423382116,-0.0015621979930195507,-0.0036085595747569247,-0.0034467204852455173,-0.003019832921693608
21-05-2020,0.0,0.0,0.0,0.0,0.0
22-05-2020,0.009577509961887451,0.004195287378454702,0.0013563507892085454,-0.0029964522078280557,-0.003961968437197949
25-05-2020,0.0026155262212412623,0.001181701220520181,-0.005018684329166524,-0.008741795955212515,-0.008041473384816773
26-05-2020,-0.004023673339709628,-0.0031818436771692887,-0.003460829111018116,-0.003137115724822874,-0.0021155969751075533
27-05-2020,-0.009734795057339318,-0.006553066980927472,-0.0008117583118440886,0.0026374754771704458,0.004741410474439527
28-05-2020,-0.016515940035950666,-0.009063133578420398,0.0019598186617593746,0.010145530939726,0.012363414336875315
29-05-2020,0.00405591255079346,0.0012625528622166179,-0.005293292177592199,-0.008017879834336215,-0.008398321266750256
01-06-2020,0.005748093210430042,0.003591255887252524,0.0005607092721907737,-0.001913239137550777,-0.002373366932040686
02-06-2020,-0.0008765868093173933,-0.000733187391025445,-0.0006458886937333198,-0.0007486093136903063,-0.0007196351905728531
03-06-2020,-0.003546547794199064,-0.0030694710140906395,-0.0007284356591633126,0.001367069834955319,0.002744806004168221
04-06-2020,-0.002603654875742702,-0.0016663855293062128,0.0026541728445626765,0.00519057222084986,0.005749768705680407
05-06-2020,-0.007044171300247037,-0.003394159975569857,0.0010133431187924523,0.0053219394652798116,0.006646224533415651
08-06-2020,-0.007976815407594188,-0.005115432375114787,0.0013487368409478965,0.005425388463238968,0.006729109067534965
09-06-2020,-0.013578877735075616,-0.00833574424280148,-0.0014933030648996187,0.0030760230284685125,0.005835535684622832
10-06-2020,0.0002075567706596815,0.00021457253794427526,-0.00154308759222099,-0.0017044671720154673,-0.0016727322905500939
11-06-2020,0.007965797072234418,0.004027574285821376,-0.003292540301791774,-0.007881357439631488,-0.008139172214535355
12-06-2020,0.011123710077690032,0.00836567013030696,0.0030441051129171497,0.0016357336263050195,-2.2132011315465333e-05
15-06-2020,-0.006822826866753488,-0.004662055451149037,-0.00021182513312889372,0.0006312401268503058,0.001558036218582465
16-06-2020,-0.0025522368238695033,-0.0011741737493329212,0.00022488120469907075,0.0002537650438633835,-0.0002715667616306248
17-06-2020,0.003936353092582505,0.0024073524871218153,0.002737020268361709,0.0028550884971902924,0.0026484508190775884
18-06-2020,-0.020863734085730105,-0.01565056748456435,-0.011903331606924061,-0.00791243651781964,-0.003407218417327323
19-06-2020,-0.013592806908401481,-0.011926459236356454,-0.012037662801747232,-0.011211617611917503,-0.007875319752291455
22-06-2020,-0.0056558527359111,-0.0071882853986939945,-0.010067673962985066,-0.01118329584333479,-0.01009807126777015
23-06-2020,-0.00010915035843811538,0.000399628708324433,0.002580709999486867,0.004367570681940898,0.003955520282454136
24-06-2020,-0.006446636385204548,-0.005432107513717521,-0.004494391566686824,-0.0031370162420322092,-0.001353524275531428
25-06-2020,0.0054227313999996385,0.003565621627666306,0.0021130874220510994,0.0018861922656109216,0.0007454801914865019
26-06-2020,0.004501829378677377,0.0031885063702805283,0.0013722682208288418,-0.0008046193594083992,-0.0021262969067489816
29-06-2020,0.0,0.0,0.0,0.0,0.0
30-06-2020,0.0016777911292499615,0.0015977173307481216,0.0026246638645238307,0.002650187143499988,0.002018113274984652
01-07-2020,-0.0061554149543653035,-0.004258705825929193,-0.0012049297889230952,0.0010632313580825213,0.0020382629578215867
02-07-2020,-0.0024637780427602873,-0.0024507180671715792,-0.0020086303517405603,-0.0018962582684756279,-0.0021221202238662393
03-07-2020,-0.001738977219595389,-0.0020349389172035558,-0.0002207054300732185,0.0014505016256108735,0.0016485980820723177
06-07-2020,-0.006291807479458235,-0.0046637660977439715,-0.0035816279633553594,-0.0016828066401772593,-0.0002973510310036666
07-07-2020,-0.011451969436876092,-0.009881208465162241,-0.007589553428574715,-0.006726309842158948,-0.00456721089954459
08-07-2020,0.007592611875904125,0.00479997384325836,0.0006863953203752117,-0.0013166214109881494,-0.002041412122837291
09-07-2020,0.0039353199691118885,0.0023537044559945276,-0.0002017953033214677,-0.0029520822299658475,-0.003391339178678621
10-07-2020,0.007415265842797984,0.0064422104849805205,0.007226428127893287,0.0082018920089839,0.007629583554146964
13-07-2020,-0.009597532581176382,-0.006090945400882998,-0.0030045505019888376,-0.00021094102317525878,0.0013510530064757024
14-07-2020,0.0023955102397381625,0.0016295465304645282,0.0018153478990523772,0.0028697647498463247,0.0025873705692689196
15-07-2020,-0.0020739558521169514,-0.001274648186865878,-0.00021722242960687423,-0.001030719954396135,-0.0014345835566184988
16-07-2020,0.0,0.0,0.0,0.0,0.0
17-07-2020,0.004117829940280082,0.004202133649656035,0.004703503416186008,0.004194869699789738,0.0036449503202709605
20-07-2020,-0.0005650274138877303,0.0013181344594984086,0.004607259784414865,0.00686152019229248,0.008045163126148346
21-07-2020,-0.004225514872280978,-0.003450366462785158,-0.0019447469000034518,-0.000598656369975131,0.000546034453433664
22-07-2020,0.0005529519440914776,-0.00013317227635487825,-0.0009501673769580528,-0.0007313254029998647,-0.00016667935786686186
23-07-2020,0.005830813248820981,0.00435698185866499,0.0022041673444371445,-0.00045812972060164876,-0.0019022526100345516
24-07-2020,0.009740107382453738,0.004916594495803904,-0.0008302107912795795,-0.005032642614903896,-0.006291842461801911
27-07-2020,0.0016181894022959235,0.0012672295283898357,-0.000814072839890549,-0.0023010861227374963,-0.002546896534176475
28-07-2020,-0.008764535084331955,-0.006039472756318881,-0.0024796405203815547,0.0003143914107330935,0.002289787895112059
29-07-2020,-0.0006639945005175091,-0.0013205199414978246,-0.0009521745925242387,-0.0007226563577293213,-0.0007680254597108836
30-07-2020,0.006365358105984659,0.005067984268659881,0.003663693234566412,0.0015644833741299015,8.91061289566528e-05
31-07-2020,0.00899207170102527,0.007695245216255267,0.006246576821993557,0.004373359733743359,0.0024473814237377135
03-08-2020,-0.003253402280341137,-0.002067434584109343,-0.0026845105800848233,-0.0021696117158435907,-0.0019080869277526378
04-08-2020,-0.006000990571203014,-0.005327793714048172,-0.003220497160326462,-0.0021735444485368703,-0.001349142299557113
05-08-2020,-0.010778016121421305,-0.007283430608041979,-0.00644932115611043,-0.004142304872038146,-0.002025901493342504
06-08-2020,-0.010149082710854147,-0.007271082131172436,-0.007190020672587731,-0.004995148123665871,-0.002479806099717557
07-08-2020,-0.002073219726995552,-0.0015161659909825346,0.00015620394384631802,0.0012013670770616462,0.0011434887661489906
10-08-2020,-0.00423581764854896,-0.003161385807834018,-0.00037282300472011914,0.0007917175732413399,0.0007168744267708132
11-08-2020,-0.012435258146414246,-0.009539970670313543,-0.007235646949679199,-0.005027635283368465,-0.002827162647772652
12-08-2020,0.0017535389069571075,0.0011645865884902457,-0.0005942212002705137,-0.0015299227680609464,-0.0013271370762489606
13-08-2020,-0.001295440808009872,-0.0018058403073766584,-0.0005362035835481764,-0.00016650769564678316,-0.0005371449754519096
14-08-2020,-0.0031692152492035918,-0.002566636052927881,-0.0030238808521534134,-0.003113582597366288,-0.0018538858243820242
17-08-2020,-0.0043272672927885565,-0.0030101949445537346,-0.0017631561817295347,-0.0012636433210452636,-0.00072682725348607
18-08-2020,-0.007996225429837012,-0.006844308554874595,-0.004330829553581945,-0.0020778668967839807,-0.0010868377280118288
19-08-2020,0.005225528256918661,0.004312197478432805,0.002518423015157722,0.0017953620592934558,0.000859477904124939
20-08-2020,0.016280290405427104,0.011715824516225161,0.006326807266638138,0.0011577967345882698,-0.001884403370542013
21-08-2020,0.0017556215095466455,0.0017251141631034483,0.0009135433152380863,0.00048062362701161977,-0.00017944946594181647
24-08-2020,-0.009181191896977732,-0.0069195800202652554,-0.005205556065373362,-0.002326741334229305,-0.0007870078725346808
25-08-2020,-0.001988035991944672,-0.002670487135805813,-0.0025206511121358046,-0.003425815838769555,-0.003077730734721627
26-08-2020,0.0022195669917080725,0.0013342376647485993,-0.0006881608947290083,-0.0018279985377454503,-0.0021051638861037947
27-08-2020,-0.00336304325238278,-0.003290962636126934,-0.0035765883188282944,-0.0029139290113299543,-0.0025139004096072564
28-08-2020,0.0011294546416398762,0.0012717669042776026,0.001314463921874674,0.0006761556192422438,0.0003544766018271644
31-08-2020,0.00011364355804462719,-0.00023369714122061975,0.0005164073881347131,0.000385529314457146,0.0005571039067859216
01-09-2020,0.008860514761257227,0.007466178249195561,0.004974523784794748,0.0031196348249032967,0.0016201954560433629
02-09-2020,-6.651412060282801e-05,3.889239521837015e-05,-0.0008661809138152597,-0.0011621213008163862,-0.0006497912816299511
03-09-2020,-0.005174938048399815,-0.0038127660801261488,-0.0006957537080718179,0.0008196384018548602,0.0010763086995810346
04-09-2020,0.006206932827277802,0.004897068816169697,0.0022000421804666895,0.0016080522048670493,0.0007340046438828425
07-09-2020,0.007608489512449609,0.0060226675534422085,0.004892544793862759,0.0026314417743055806,0.0010394432032811796
08-09-2020,0.0010311477177599093,0.0009495832344908236,0.0012236386682502023,0.0010064848054127408,0.0008809532527477647
09-09-2020,0.006287192192157053,0.004780837051117308,0.0030878643013405316,0.0023594007572052492,0.0012542582484100805
10-09-2020,0.004682462321175811,0.0038661402555346977,0.003945464856230302,0.0023099113875188334,0.0011909658025203763
11-09-2020,0.0069513182364987405,0.00633298996513846,0.0041949614799123,0.003912936404612725,0.003144009727370816
14-09-2020,-0.0044901302160743365,-0.0023322614879915547,-0.000482888199429619,0.002134303611960992,0.002475843163782431
15-09-2020,-0.008515800585201395,-0.006365443660090379,-0.0042951208859846254,-0.0029061078875078925,-0.0015317557576074153
16-09-2020,0.0028340595502057025,0.002106865688404451,0.0009035362160196394,0.0005571022605557676,0.0003650890895201047
17-09-2020,-0.0014159954864079003,-0.0009035862040595557,-5.0369298549592984e-05,0.0007794494991899789,0.0011965319286087821
18-09-2020,0.0,0.0,0.0,0.0,0.0
21-09-2020,0.002771603130301702,0.0029394108989357457,0.0031729814359450813,0.004471786726894873,0.0031552807420942015
22-09-2020,0.006103055376721175,0.005502880682711168,0.003481555716232683,0.0016387007751986818,0.00021447416851269428
23-09-2020,-0.0009299472214405653,-0.0010032069061325618,0.0004558940687864081,0.00047733987868132325,0.0003192995155805546
24-09-2020,0.0045443445830050935,0.003380236004064886,0.002178490728076111,0.0019938430398165306,0.001361683213754821
25-09-2020,-0.0030065868151713283,-0.0002249174524633932,0.0033330213662275646,0.005535703277168086,0.005004263583342171
28-09-2020,-0.0008337776769292896,-0.000598430919753975,0.001733116475677735,0.002317474245233581,0.0017304393179596218
29-09-2020,-0.005286970188234655,-0.0036849405753132747,-0.00030089191290565235,0.002741714252743203,0.002863309673956154
30-09-2020,0.001358896358036708,0.0018427760092918745,0.0011914917623496667,0.0018627411994160896,0.002306610857827455
01-10-2020,-0.008785466211901216,-0.007130664385251908,-0.004496883980138261,-0.0020871700643068027,-1.2123843597006285e-05
02-10-2020,-0.0009276041258861466,-0.0017089401578996792,-0.0017619754974139798,-0.0019602480079258552,-0.0022506214942101094
05-10-2020,-0.0027433841738615083,-0.002867768537363366,-0.004674975807938587,-0.004944324179088297,-0.004330996692630231
06-10-2020,-0.011975709482271083,-0.00940628353786051,-0.005575568308758567,-0.002699067904233234,-0.00038970736381778627
07-10-2020,-0.001438930987149585,-0.0013401161994522283,-0.0010808517710660882,0.00016886628986125841,0.0012030903182331382
08-10-2020,-0.0008491430024745743,-0.00035640090756098984,0.0007877789351435362,0.0006657620069912441,0.0004759166022148617
09-10-2020,-0.010496986631855578,-0.00844881584001632,-0.006160952289433815,-0.0041729136748374475,-0.0025330529257976465
12-10-2020,0.0,0.0,0.0,0.0,0.0
13-10-2020,-0.013250837238404782,-0.01136423997405799,-0.008739388280690074,-0.006237587800441474,-0.003794568747515341
14-10-2020,0.00028350159298234386,0.0005061953699166763,-0.00018508291788993958,0.0006978010198014565,0.0010816205491691122
15-10-2020,-0.00040626584652237103,-0.00033704032830352324,-0.000894156261685707,-0.0006531841219857372,-0.00043139180672692456
16-10-2020,0.0039030321416814936,0.0032576885306478025,0.0033552548548994236,0.0016937073770021192,0.0002349819929338667
19-10-2020,0.003984009059429535,0.002959884219522129,0.0019020628192649408,0.001540570299521525,0.0010253149488514896
20-10-2020,0.008141518920994283,0.006305186240810525,0.0026689158181766102,0.001140349753913923,0.00039603315451018075
21-10-2020,-0.0018930500320956968,-0.0016295772613451399,-0.0006354704889285215,0.00022328743062364226,0.000617522813139716
22-10-2020,0.0008317599687692175,0.00030921212586275246,0.00015702198291453492,0.0006886940740177273,0.00020883195450497255
23-10-2020,0.0042905846865200995,0.0021360362234345166,0.0013423297021387896,-0.0006484326215079547,-0.001330177855906243
26-10-2020,0.003264699343686375,0.0020571165061287243,0.0013706476600302963,-0.0002815277933356147,-0.0010936019580155855
27-10-2020,0.007114690517788782,0.0051327936422887795,0.0024764448477580378,0.000333064818002071,-0.00044176918404131903
28-10-2020,0.01061753670326153,0.007983269521038323,0.004604329093130914,0.0018218751164573374,-6.177679413998047e-05
29-10-2020,0.010667000606086864,0.008526712968135272,0.0053093277604740275,0.004138061083587668,0.0025818058326429654
30-10-2020,0.006173441274082905,0.004569164661497416,0.0036321423306789275,0.0011623594663420199,-0.0009721247801596919
02-11-2020,0.006908503129310975,0.005200595376480147,0.003452474613162264,0.003166994876319079,0.0013933422316054266
03-11-2020,-0.004670047100090159,-0.002875828120269351,-0.0009414938836027905,-0.0005926787271965409,-0.0004468361191627618
04-11-2020,0.0017020135964694403,0.0011511819421890712,-0.0005617606477629101,-0.0028662489136746416,-0.0026407453740174337
05-11-2020,-0.008103400918701254,-0.0062918020239069025,-0.005413049083667758,-0.004245005959268936,-0.0024928324774686345
06-11-2020,-0.018928196251102144,-0.01441039527993102,-0.011833399153237908,-0.00856201573361521,-0.003898626613390909
09-11-2020,-0.012764962221688336,-0.010678344997764938,-0.007564273583486933,-0.004750004605315713,-0.0028866580871889946
10-11-2020,-0.01759941064682493,-0.013122490816002367,-0.006955374931477614,-0.0012667389089674192,0.001980298893580471
11-11-2020,-0.00014499625657416748,0.00015617225673421271,0.0024462212488433944,0.0022200402384416405,0.0006971264547912749
12-11-2020,0.003016753216053346,0.002012304830651798,0.0017780904862166114,4.944341600781848e-05,-0.0008145307070521354
13-11-2020,0.002634917015397225,0.002164564598936817,-0.00015369835902060382,-0.00046722241646489365,-0.0002126783910103681
16-11-2020,-0.014401063795431216,-0.011280012453128763,-0.005586850012955246,-0.0011533011299683746,0.0012272812634120012
17-11-2020,-0.01173106786395355,-0.00957608120578811,-0.007368430862729777,-0.005433099288459702,-0.003053119900468804
18-11-2020,0.002218789165449779,0.0014410195603098651,0.0014386666005154684,0.000809109603754456,0.00021398680461570446
19-11-2020,0.007298749942431086,0.005458093123884657,0.0032105485011893935,0.0023118376676213967,0.0009069510312657091
20-11-2020,0.0004197255609886987,0.0010041438569801232,0.001714387162826329,0.0015661228894708304,0.0017141851777035188
23-11-2020,-0.005272917541319128,-0.004962289107585827,-0.0047032717917867345,-0.0033098195625145908,-0.001976419939128635
24-11-2020,-0.00980528476339887,-0.00830039289252545,-0.006172503701220995,-0.004561638915346098,-0.002903358802078794
25-11-2020,-0.01433467426533107,-0.010432599731808012,-0.006793444349557791,-0.002731174564884043,0.0004806811778381107
26-11-2020,0.004245906615645491,0.003392414842100156,0.0021948123651529317,0.0014419105774963737,0.0011897382063637346
27-11-2020,0.003953570048840818,0.0031810464236502424,0.002361033307119125,0.0017740553142226072,0.001253962677372176
30-11-2020,-0.00469486250042869,-0.003482660919588766,-0.002409675253343271,-0.0012183741568084364,-1.3449713838110885e-05
01-12-2020,0.00603116208696143,0.0058648379983525,0.005076745730640613,0.0043691855457682885,0.0034155015884516707
02-12-2020,-0.0030893392654788156,-0.0026180351479151423,-0.0009945513228507884,-0.0012630986122823247,-0.0009051083444217261
03-12-2020,0.0035267206985861543,0.002567700044159116,0.0027693809153056643,0.002773203039355249,0.0018958906636486618
04-12-2020,-0.0006569976720677917,-0.0011455422190895155,-0.000997160727821691,-0.0008280120201701719,-0.0005613191474798892
07-12-2020,-0.002371811588567853,-0.00166962786352351,0.0007522093139920637,0.0024810622470978656,0.0025655462074767274
08-12-2020,0.0,0.0,0.0,0.0,0.0
09-12-2020,0.004473606734053574,0.0038932925312882313,0.0029533330507266315,0.0017802478381193023,0.0013250516487666724
10-12-2020,0.006747858248204899,0.005336793353990394,0.0036325378839740536,0.002529982933322775,0.0014670202963552627
11-12-2020,0.0008535402102798089,0.000911143768446565,0.0007787994800179624,-0.00027932715856103177,-0.0005890420306409802
14-12-2020,0.007636893438991694,0.006101268621218847,0.0034458247402217165,0.00180316629183462,0.0006052518494819327
15-12-2020,0.0013522679961095003,0.0012844592848649436,0.0002389716973935617,-0.00013162690878026594,-0.0003756576276090826
16-12-2020,-0.00600793813659638,-0.005207981415089747,-0.0037890753324108083,-0.003860622610872134,-0.0025566756320758526
17-12-2020,-0.006064016394440407,-0.0050211267594253775,-0.004709260969765786,-0.003149663152769609,-0.0021063932211145245
18-12-2020,0.002903368396285072,0.0009644307317566648,-0.0019019467150255735,-0.0048726459687647465,-0.0053928000110434835
21-12-2020,0.0005095616430086012,-0.0005731796682364379,-0.001280335254830759,-0.0009318628943831872,-0.00090979142669763
22-12-2020,0.0007237013922194494,0.0011802250545268039,0.00021367974423696677,-0.000988546092323974,-0.0011786685432792383
23-12-2020,0.0019360707375576081,0.00019569191313989736,0.00020127618451680804,-0.0007386680984339677,-0.0014387974278127116
24-12-2020,0.00832730480512471,0.00701952817547882,0.00393141599684924,0.0011899653886504502,-0.00032978762132210103
25-12-2020,0.0,0.0,0.0,0.0,0.0
28-12-2020,0.00532093326481396,0.004440222678295551,0.0028282690071484437,0.0007713828662370633,-0.0002023925981621917
29-12-2020,-0.004228586673674186,-0.0034975062783575562,-0.00207873226711549,-0.0012773371705650698,-0.0009150617480711082
30-12-2020,-0.0057446661511629925,-0.004410263547242994,-0.003489450234106983,-0.0023081066117131344,-0.0006525474489533392
31-12-2020,-0.00551670042099378,-0.004820743027801733,-0.004498977959950508,-0.002919616856514297,-0.0016622653989560889
01-01-2021,0.0,0.0,0.0,0.0,0.0
04-01-2021,-0.003933598418077121,-0.002690703215384315,-0.0017790759404362844,-0.0006794009304161283,4.7647341319609925e-05
05-01-2021,0.002857304260002284,0.0014286453750253472,8.712557919092576e-05,-0.0007572491954431294,-0.0017858696505742796
06-01-2021,-0.00529624889038364,-0.0045767631487511175,-0.002575918912790233,-0.0016774829802221653,-0.001414916162214122
07-01-2021,-0.00022015292804664449,-0.00047147427214877107,-9.705690898123864e-05,-0.000827272748405731,-0.001400415220146253
08-01-2021,-0.022343062523336305,-0.01677164051858458,-0.008850262356003507,-0.003528271977009626,0.0006541772426971168
11-01-2021,-0.011163741929682103,-0.00876108530220736,-0.0074306569325889105,-0.004334072903879848,-0.0018961164553485707
12-01-2021,-0.002224866768452203,-0.001968582549326341,0.0007838600866491509,0.0034155174763650766,0.003961631257600776
13-01-2021,-0.011729398235386128,-0.009847855257007026,-0.006630250670194804,-0.004482365735780666,-0.0018205717180479386
14-01-2021,-0.01521921659062413,-0.012622426728292975,-0.009366289615197594,-0.0060549341526314054,-0.0032455551543768956
15-01-2021,0.0026080531337524535,0.0020943858149927636,0.0018245006141061847,0.0013184902234712867,0.0008981704145581688
18-01-2021,0.006789964955308244,0.004609381564737846,0.0017879227439818357,0.00035398084968485887,-0.0013197055297959322
19-01-2021,-0.0027384901037381553,-0.0019064053422564835,-0.0013718467956315462,-0.0006598241932545471,4.57573372806162e-05
20-01-2021,-0.002010589805279256,-0.0032620621767056324,-0.002957057639799748,-0.0026964091245773518,-0.0028863208550023276
21-01-2021,-0.0033575352227719958,-0.0029614457212813567,-0.0020392351066242298,-0.0010401061108727325,-0.00037698838753321686
22-01-2021,0.012556695147810581,0.009612534863289647,0.006295649014916746,0.0027256638311295663,-0.00037390075823545395
25-01-2021,-0.0029093254105952322,-0.001838318138089188,-0.002067634848569986,-0.002307089780907312,-0.001710550910316101
26-01-2021,-0.01079183263626441,-0.009176582266692266,-0.006990080278258959,-0.004552419964020611,-0.0020676124968553875
27-01-2021,0.006597247362790352,0.004987629345802983,0.0029511705501819928,0.0005628863860935606,-0.0005615998152732777
28-01-2021,0.006374546438996762,0.004330794168266031,0.001928801871226702,0.0010744148654523904,0.0003039109588519635
29-01-2021,0.0014214648896645437,0.0011720152683401077,0.0007152185250732631,-0.0015855870203003598,-0.0019053457501137033
01-02-2021,0.015886524895162804,0.011959289418087007,0.00785083549228394,0.004846750055495955,0.0017355880408918415
02-02-2021,-0.007384348339487195,-0.0052239992167719745,-0.0026111868524365243,0.00045474914045888834,0.0017822978790714235
03-02-2021,-0.017106421421291845,-0.01360625009498178,-0.009679779584984302,-0.005323408014509975,-0.002230467686698778
04-02-2021,0.0011225020398262283,0.0009878041440096732,0.0003496479335549998,-0.0005658963801728035,-0.0004626218224369242
05-02-2021,-0.0069959949267114395,-0.00611209810757951,-0.0042665107933498115,-0.0029610171608214736,-0.00203782921755509
08-02-2021,-0.0051669140445097135,-0.004459953096718471,-0.0035458339347877368,-0.002999351962755457,-0.0017783358765931176
09-02-2021,-0.005550867725214593,-0.004339145850634958,-0.0031054298162321876,-0.0029040794126406933,-0.0023273298198154997
10-02-2021,-0.00286368873767972,-0.0020582248559206035,-0.002051776149529148,-0.001687619421740212,-0.001469901828325722
11-02-2021,-0.0006056262191177567,-0.0013848583693514868,-0.0015439913441648021,-0.0018723851643709518,-0.0022297020764835977
12-02-2021,0.003704618186302878,0.0020851387270657347,0.0013776375877318314,-0.0004135711220881045,-0.001822328388581167
15-02-2021,-0.005372645917579554,-0.0042194573190168895,-0.002644774634036926,-0.0011834518605916276,-0.0007495469897275039
16-02-2021,0.0034467987840849108,0.002590290584602568,0.0019341932522926066,0.001202806693626183,9.841366492994037e-05
17-02-2021,-0.0013943596715016227,-0.0003625249894627727,0.0017024311049966437,0.003356054686969105,0.003957650392025229
18-02-2021,0.0009533171468505017,0.0012282056986176388,0.0029246983536395407,0.004029072453443913,0.004022724233427596
19-02-2021,0.016061580295604512,0.012665036686711836,0.009306256941460514,0.005809412525799077,0.0026998661513447765
22-02-2021,0.0028759129905608985,0.0029502368566807586,0.003948695744253592,0.0046000485237153695,0.004352022713577803
23-02-2021,0.010073490726784469,0.007979127907485131,0.007289304926088756,0.00583434697157741,0.004272371871765494
24-02-2021,0.007332445539801031,0.006953022930743253,0.006734290427329366,0.005988977048207411,0.004767598221297017
25-02-2021,0.005065844072803603,0.0037251205948444647,0.005642311215353036,0.0052532819405403716,0.003657342573530996
26-02-2021,0.0002100695744600758,0.0010539130487898802,0.0022675487131357946,0.006592811767732192,0.006828328722192468
01-03-2021,0.00262484339222417,0.0008823939864181271,0.0009209789462337522,-0.0015218796327661893,-0.003114313414380478
02-03-2021,-0.01365162849282993,-0.011001043292462511,-0.008084856676594636,-0.007296483779884107,-0.005658591446161349
03-03-2021,-0.005890872099334406,-0.005195996706961163,-0.005273114232981795,-0.004024334909464386,-0.0033380441911661173
04-03-2021,-0.006281578613381388,-0.005188633830984771,-0.0011295597960386792,0.0025650775221688488,0.004321816931421952
05-03-2021,0.014789209114807083,0.010607914525174816,0.00799128320206388,0.005061877636105403,0.0019654022405301255
08-03-2021,-0.00067200543357965,0.0014196756763839014,0.00548878555050028,0.007153841099178542,0.007873834244094708
09-03-2021,0.007845869859410194,0.006271824111005631,0.005572464300792854,0.0041336743182145315,0.0024349320897021393
10-03-2021,0.0007258763020828814,-0.000426276437007634,-0.0010262356933128114,-0.0019605879509921363,-0.0029170584459017627
11-03-2021,-0.004928180636736285,-0.0037617877002935713,-0.0031156018425528877,-0.002376776359109484,-0.0015770975787378241
12-03-2021,-0.002195149412774904,-0.0015740000337009896,-0.0017427951501133676,-0.0026960298273035485,-0.0020016860926869704
15-03-2021,0.0019502142923985687,0.0027698045854826453,0.002469943784215042,0.002285888385736279,0.002886150314427302
16-03-2021,-0.0018875680537659163,-0.0012438536213715244,-0.000276274883315892,0.00041276604872917836,0.0010729378191827502
17-03-2021,-0.005132605850034092,-0.004095023458012584,-0.0033712762255814358,-0.0016846300670375386,-0.00011055639310785964
18-03-2021,-0.007155002399164864,-0.005414350673679427,-0.003367275398132219,-0.0021956675223763033,-0.00040805219197411553
19-03-2021,0.0069340128237736385,0.006658417840022951,0.0056454222600114505,0.00701531724116531,0.0064466045202700335
22-03-2021,0.011752224870267704,0.009014303670741923,0.0062991596550417564,0.002762778280518362,0.0006536138536119377
23-03-2021,0.001472709991103048,0.0014803227387205308,0.0016049096361740152,0.0018714943032156438,0.0011452478696343065
24-03-2021,0.003120383371591876,0.0016820692319146158,0.0004564627667948081,-0.00043978031791475487,-0.0008266927404765825
25-03-2021,0.0046047227447990535,0.0034467226445452064,0.003776126389797638,0.003063171520055141,0.0017326709818476069
26-03-2021,-0.005916140028237571,-0.0035945665221094993,6.733360552954205e-05,0.0026390662756066966,0.0045987231380409865
29-03-2021,-0.011435412290472995,-0.007214508819856424,-0.0016657262543238965,0.00398879001213258,0.006925262549717512
30-03-2021,-0.0077493970221213845,-0.006605377450470861,-0.005466550215785071,-0.0040212297460232565,-0.002918637187999871
31-03-2021,0.0018176332528697893,0.0017986663967067427,0.0018442916555948196,0.002007128225697906,0.0018687024978016507
01-04-2021,0.007918465088212088,0.0062063743484488025,0.004299130293141965,0.00128154679715389,0.00012507700901277826
02-04-2021,0.0,0.0,0.0,0.0,0.0
05-04-2021,-0.0007023061196091378,-1.3438917719294833e-05,-0.0009857808374890632,-0.0010395996651522217,-0.0010595989079245512
06-04-2021,-0.005369232984672649,-0.0042706012331288025,-0.005410331949316344,-0.006993602834830902,-0.006659140928428102
07-04-2021,-0.001993564188936919,-0.0025034631639684803,-0.0032856273626228026,-0.0044286638043183075,-0.004488842464638593
08-04-2021,0.004021740750836563,0.0031653258438735024,0.0022461265545316417,0.0013084433094052515,0.0003709016219076365
09-04-2021,0.002522738027077164,0.0019888593872585485,0.0011014422209194659,0.00034037559323753344,-0.0002034146983797995
12-04-2021,-0.0006674836986283451,-0.0007470307261205987,0.0001146121586817124,0.000525038805934375,0.0007735118684252531
13-04-2021,0.0038369579278539566,0.0034699284711534753,0.0038303145173766667,0.003822418113068658,0.003990955487082685
14-04-2021,-0.001842393408262818,-0.0005529419641499732,0.0013277715694749522,0.0035274266832086235,0.005063675469853912
15-04-2021,-0.00041847982915447563,-0.00021127545147489775,0.0011637990921405,0.0025055547816303972,0.003965341826442332
16-04-2021,0.0006143301290382629,0.0006546721936784106,-0.00041689960254390874,-0.0022499072917883845,-0.0037090533286482106
19-04-2021,-0.009125084915352008,-0.007381427708483695,-0.007427035502650493,-0.005655501077230102,-0.004856038093385679
20-04-2021,0.0003724407955065734,0.000686550507298196,0.0011576100180741005,0.00041252777837643225,0.0012148110027132908
21-04-2021,0.009743053766891453,0.007488230167148877,0.005910588216257497,0.003452421593317258,0.001048176283302403
22-04-2021,0.0007073488447510478,0.00040204339468199855,0.0016742409908278712,0.0018315252257394322,0.0021210262841353466
23-04-2021,-0.009383940620849265,-0.0061429363940443535,-0.004479658535638853,-0.0002742777381219755,0.0032308160920038903
26-04-2021,-0.010970233413916067,-0.008990414073799337,-0.0071469069448356305,-0.005704438206632101,-0.0032409047607827525
27-04-2021,0.003828719813818349,0.002961010631309391,0.004012128106203394,0.004969765882499009,0.005097367457203473
28-04-2021,0.00603389532344787,0.006223410041660159,0.007554455953786836,0.009153889143246602,0.008812502333753306
29-04-2021,0.004002745367437352,0.005302447804343278,0.005497177230426624,0.006958780006505107,0.008416729899258927
30-04-2021,-0.0031522191031075042,-0.0008123716700992334,0.0012393987010638114,0.004132122080002855,0.005927879761860551
03-05-2021,0.0021686628065247064,0.002069174125609331,0.0013778546890391473,0.0008745722161564702,0.0006167093174665524
04-05-2021,0.0032998023415997113,0.0025395844958915077,0.0014174025357599378,-0.000280120030006527,-0.002058447315568111
05-05-2021,0.0031014416306249046,0.0016406514257473587,-0.0008300203667194853,-0.003964285498534552,-0.006542283142118075
06-05-2021,-0.0006425865501751202,-0.0016921196865688668,-0.0035345447325651593,-0.005909860754503225,-0.006528156882958354
07-05-2021,0.0017595389185150264,0.0014827030914393439,3.864570253929549e-05,-0.0019134034648770554,-0.002467336878714289
10-05-2021,0.002219900083177752,0.0023527105499135206,0.00022546303576248116,-0.0020628643500912817,-0.0030001473581030376
11-05-2021,0.004479451079847089,0.00414714626676765,0.0023162871194622216,0.00024387080643330168,-0.0007249254786903222
12-05-2021,0.003279254541526065,0.0009991778160845326,4.075697668701101e-05,-0.0013944275997442926,-0.001482867078941701
13-05-2021,0.0012883123841110743,0.0013968446924660924,0.002099270509303147,0.0044802017928997455,0.004874518167964533
14-05-2021,-0.0015337208455561667,-0.0019045604357782987,-0.0007822970312026329,-0.0014877660575824828,-0.0014446164140897888
17-05-2021,-0.004022946200776818,-0.00319138020262214,-0.001151070148118585,-0.00024935449490120197,0.0003219477949656469
18-05-2021,-0.005900667621045121,-0.0014795180608284315,0.0013265220711108513,0.007749052857651469,0.011952694585327299
19-05-2021,0.0028432661092150516,0.002768663126003843,0.0006206365010871106,0.0004202107087471509,-0.00022911485598065028
20-05-2021,0.004229510039210235,0.0038221801702752398,0.005340934442789255,0.007068104607927723,0.006663005613649776
21-05-2021,0.0,0.0,0.0,0.0,0.0
24-05-2021,-0.006172550684593736,-0.004413676090586144,-0.0031508897862200266,-6.804917181343861e-05,0.0019704719959981977
25-05-2021,-0.01881358069241232,-0.012761390640143967,-0.004199459906292287,0.004082423154866089,0.008785261719924803
26-05-2021,-0.010651326837004545,-0.007776848542969496,-0.003824203526119052,0.0018946756707714516,0.004320895548508617
27-05-2021,-0.0006456426547425077,-0.0008982409068196356,-0.0014432818348374895,-0.002340330089955261,-0.0024305967963809474
28-05-2021,-0.0019355502746001012,-0.001724505744989884,-0.001468124291657967,-0.002015122830945535,-0.002182442186556698
31-05-2021,4.62809608978716e-05,-0.0010365627331142464,-0.002466642407828121,-0.004878231582894594,-0.0060946709891338815
01-06-2021,-0.0005091593281441201,-0.0013402493514436803,-0.003096524608435056,-0.004200693783802394,-0.004942096564449612
02-06-2021,-0.004314726230592032,-0.003993666742545343,-0.003355917534972478,-0.00271983325808478,-0.0016779195448547591
03-06-2021,0.0008247645341294095,0.0006828440982824515,0.0007412518883081214,0.00027054571174889617,0.00024048436528114917
04-06-2021,0.0068824641395091824,0.007322825246001158,0.008463816285766873,0.009720680274289868,0.009536816637110116
07-06-2021,0.0014108708299688365,0.003077628863228341,0.005660953576872223,0.008028611978229395,0.009151619144159275
08-06-2021,0.0012608475003276051,0.0023054316747356017,0.0046083197001710405,0.007827577465036985,0.008569083146742443
09-06-2021,-0.0018632348648489614,-0.00129426596380334,0.00046870093364548694,0.0015054945359567016,0.0017051012237299266
10-06-2021,-0.002040733785363674,-0.0020274456447431245,-0.0008406138219084501,0.00013846100614043968,-0.00021725856386104565
11-06-2021,-0.004910524529732144,-0.004579581711857661,-0.005201609676708745,-0.005262137147616961,-0.004901070513172835
14-06-2021,-0.00036954114736708607,-0.0012666283474628362,-0.0028351244265626117,-0.00476558343302543,-0.005961073349514337
15-06-2021,-0.0010697275222300447,-0.001360815252869317,-0.0008966831438151384,-0.0005249130279354198,-0.00013469482867828068
16-06-2021,-0.0022943045249840277,-0.001739414108402326,-0.0005657017325919673,0.000269960016039153,0.0010687635302339732
17-06-2021,0.0018376587095688913,0.0007889513660248364,0.0009325156607845866,0.0011189867975271012,0.0013120835057352353
18-06-2021,-0.004485901575385286,-0.003768173463724318,-0.0018364055569521757,0.00020198981996080143,0.0015282317754513948
21-06-2021,0.0,0.0,0.0,0.0,0.0
22-06-2021,-0.007409505784470258,-0.005703934316055989,-0.0029675241582809383,-0.0016791717181557993,-0.00016068341447552135
23-06-2021,-0.006604568193006874,-0.004952628060118227,-0.003361902105622062,-0.0015056464575872377,0.0002654060867930966
24-06-2021,0.012137588322400862,0.009972317086214657,0.007613819029458523,0.005630868432558975,0.0030365693876003956
25-06-2021,-0.004224969465908819,-0.0026383376072783337,-0.0005978981548499378,0.0018639010985412278,0.003233450913918409
28-06-2021,0.0,0.0,0.0,0.0,0.0
29-06-2021,-0.0010807103995455378,-0.00037208263997103545,6.291981618553253e-05,0.0015327182840872181,0.002089317544464981
30-06-2021,-0.0001368874152691825,0.0006990713055060926,0.0009308970954119132,0.0028144384244412077,0.004273292456275998
01-07-2021,0.009299808475626555,0.008092609314701715,0.008112210081212648,0.007614517672344663,0.005593471699655765
02-07-2021,-0.00857276952480983,-0.006588210040661045,-0.003069193202958248,0.00021232100839894632,0.002362944590661684
05-07-2021,0.002532883829369832,0.004100384489322174,0.00469075647715159,0.00679346216265809,0.0075956974012462925
06-07-2021,0.002396484289962161,0.00314470850465265,0.00533289783295263,0.007681516152298308,0.00837467775811017
07-07-2021,-0.0031029245460614738,-0.0024166727870043874,-0.0017923564804699374,-0.00024343689995219993,-4.9690209002210816e-05
08-07-2021,-0.007118370567138567,-0.005183655845473859,-0.0033557968744689992,-0.0014692698337066949,0.0003934002713520542
09-07-2021,0.006868227469268687,0.004343484318877308,-2.6059866748301023e-05,-0.0053289173100950545,-0.007321468770481646
12-07-2021,-0.004898816319415668,-0.003845659760126425,-0.003947502749524499,-0.0054097193765939924,-0.005183213919559202
13-07-2021,0.0002928541235847475,0.001220457286015494,-0.00032393151875264085,-0.001443637691810311,-0.001769840424273939
14-07-2021,9.702260507828608e-06,-0.001047360837557919,-0.002799886440822674,-0.003439056218778606,-0.002462550449539098
15-07-2021,-0.002907012002920992,-0.0027846957834424444,-0.0037949633523180226,-0.004205302160444702,-0.004269880323831758
16-07-2021,0.0,0.0,0.0,0.0,0.0
19-07-2021,0.00245385217543435,-4.081398920883775e-05,-0.002981996883032114,-0.005740136141360573,-0.006843833080453522
20-07-2021,0.002783328005429245,-0.0001692769784540692,-0.0024961861669891543,-0.005725179218148349,-0.008311452989147176
21-07-2021,-0.0040809080985558,-0.003264993422248788,-0.0012977531244846641,-0.001994809233747758,-0.002046634162485069
22-07-2021,-0.002954410272417524,-0.0008330391765364998,0.000880113231545217,0.002749440634603755,0.004123860866142713
23-07-2021,0.003882988865318616,0.003148073121723603,0.0020024281871109063,0.0018157489477451936,0.0009351760787457616
26-07-2021,-0.002284884659751555,-0.0012264326424639576,0.0001695921491073786,0.0017466994098017995,0.0031387296072307295
27-07-2021,0.0016114467136013671,0.002657230290722309,0.003955304331043525,0.004243244945735453,0.003940062052482559
28-07-2021,0.00905381367732134,0.0077460132554026595,0.007599682027120011,0.006104698557292375,0.004888508454974735
29-07-2021,-0.012935103940265182,-0.00946962845317741,-0.002593522818526048,0.004664121157346291,0.009675723148769395
30-07-2021,0.0013466651125273775,0.0010608310240689766,-0.0009772455037010796,-0.0017240322843674238,-0.003028080284426052
02-08-2021,0.001623837757028371,0.00037850153403556935,-0.00130158055956072,-0.003297198534033504,-0.004113344175543611
03-08-2021,-0.004258986154194011,-0.0035563794961287047,-0.0032328846746664057,-0.0019187038649991898,-0.0008623908749897342
04-08-2021,-0.016222232696720722,-0.012539759075028122,-0.008207317194649965,-0.003913418336997022,-0.00046710723694568613
05-08-2021,-0.00012720412244380643,-0.00016186667139125077,0.00029633336718734625,0.0015680674850021316,0.0022498425554054544
06-08-2021,-0.0031971466557492462,-0.002282397001153712,-7.03349509271195e-05,0.001001786496772038,0.002027715833262372
09-08-2021,-0.008021493459886772,-0.0066254443349525,-0.004245256215640796,-0.002918133172630365,-0.00271018005645729
10-08-2021,-0.0029349090848084266,-0.0017470315211494695,-0.0008420340286841313,0.0008285012627242339,0.0016346332846768207
11-08-2021,0.00436352501334816,0.0037784853917630637,0.003048371843734404,0.0020140269350627424,0.0010399847676445832
12-08-2021,0.004822239015455292,0.0034276892624108945,0.002655613379823131,0.0011557461133599191,-0.0007102639117321178
13-08-2021,0.0019500508926879592,0.0010923072084895824,0.0003432717697065525,-0.0010070231984158405,-0.002339943556560221
16-08-2021,-0.0028921744232493427,-0.002618760930508791,-0.003680966690544488,-0.004674868389636139,-0.005083083140122868
17-08-2021,-0.003806947996064148,-0.003912789232735655,-0.004392697127841805,-0.004754089911497497,-0.004593869304171695
18-08-2021,0.0008894217891661878,-7.431905172308257e-05,-0.0006270653795262386,-0.0012361079971091094,-0.0009770307327606617
19-08-2021,0.0040841466210377615,0.0031573299559683765,0.002600109458808881,0.0024888551512153383,0.0018396041845435108
20-08-2021,0.006904555644421516,0.005250684173812798,0.004522043787481154,0.0025077336263633608,0.0011454397312875442
23-08-2021,0.0006795395641325785,0.0009565023679466876,0.003130669435625231,0.004090152301354032,0.003510867915565902
24-08-2021,-0.006524309501728919,-0.004571424146150329,-0.0025404432631891544,0.00024033797885814954,0.0018408512492986992
25-08-2021,-0.005349076445871052,-0.004204886670620372,-0.0038113388311699758,-0.0023389723168257413,-0.0006779031766123701
26-08-2021,-0.0023567565668829414,-0.002281223741728905,-0.002553618178315999,-0.003165712250444358,-0.0033327560458937086
27-08-2021,0.0008273929085844705,-0.0003362335450272247,-0.000547207774364448,-0.0005274705572073451,-0.0006423784903525441
30-08-2021,-0.004928578750146583,-0.004349480854873817,-0.003072748016809808,-0.0029018822461011505,-0.0031049218272645868
31-08-2021,0.0015080785525245165,0.0005160306120454173,-0.0012668253527086247,-0.0024727123832624306,-0.0035008236334244376
01-09-2021,0.002583202539126284,0.0019692949214559128,0.0012586638032042014,0.0011596145731918328,0.0007175248430849029
02-09-2021,0.006615179249124301,0.006553240898614971,0.008249689428199746,0.010806856999967845,0.012319453476140848
03-09-2021,-0.0015875998363996287,0.000377732212311617,0.002639090886315659,0.006064374711982828,0.009308462154247452
06-09-2021,0.0010084138488262973,0.0009454648855880762,0.0003745970200977738,0.00027430101798433826,1.645219089933569e-05
07-09-2021,-0.008164651701809356,-0.006375344685744585,-0.004253641679710352,-0.0015328927831154806,0.0002738614306901874
08-09-2021,-0.005875472655738559,-0.0037460951264629305,-0.0010900261409676297,0.0032480742000734536,0.007234628880500776
09-09-2021,-0.0024893030271012466,-0.0018261011655779681,-0.0013071291799902117,0.00037280614066223804,0.0020954231446770346
10-09-2021,-0.0012927619124757676,2.4777328866096854e-05,0.0032635349555710396,0.00546542352653478,0.008069932945088372
13-09-2021,-0.0021241512367276387,-0.0014909850719689358,-0.0009400351560951191,0.0013774290594029408,0.0027602917799062873
14-09-2021,0.006668001015256648,0.005325565925208708,0.0027209461172846036,-0.0015530868224124775,-0.004193132415399965
15-09-2021,0.003908081345585398,0.0022741000684546276,-0.0015371194045736404,-0.005734549895692114,-0.009701256489506241
16-09-2021,0.0009486648550048974,0.0005240612657329051,-0.0019375476212618536,-0.006235127693112143,-0.008904226844357177
17-09-2021,0.0,0.0,0.0,0.0,0.0
20-09-2021,0.007546331415034641,0.005085978079245118,0.0035254686668749714,0.001930068320801421,0.0004675363880219923
21-09-2021,0.008007220486160536,0.006225619896819072,0.004200730641194515,0.0023410565297878635,0.0015785320674688887
22-09-2021,0.002052493110262324,0.001154922214227317,-0.0010941146940387726,-0.003406037983554144,-0.005758745919601417
23-09-2021,-0.005452847979322537,-0.004018409328411053,-0.0016859417759465829,-0.0007328344543796017,0.0005510226630494851
24-09-2021,-0.009852137098684976,-0.007374194674872927,-0.003976121433929819,-0.0007721956738302001,0.0010861501702973007
27-09-2021,0.0014347899225573687,0.0017853771481942725,0.0027566971934345785,0.003174356968604562,0.0035699611874192606
